x1,x2,y1,y2
1.53164,0.665417,-1.28611,-0.786452
1.53029,0.663478,-1.28771,-0.789083
1.52805,0.660245,-1.29037,-0.79347
1.52492,0.655717,-1.29407,-0.799616
1.5209,0.649892,-1.29879,-0.807524
1.516,0.64277,-1.30451,-0.817201
1.51023,0.63435,-1.31119,-0.828653
1.50359,0.624633,-1.3188,-0.841891
1.4961,0.613623,-1.32729,-0.856928
1.48777,0.601325,-1.33662,-0.873778
1.47861,0.587749,-1.34675,-0.892461
1.46863,0.57291,-1.35762,-0.913
1.45785,0.556826,-1.36918,-0.935421
1.44629,0.539525,-1.38139,-0.959757
1.43395,0.521038,-1.3942,-0.986041
1.42084,0.501406,-1.40756,-1.01431
1.40697,0.480677,-1.42142,-1.04462
1.39233,0.458907,-1.43576,-1.07699
1.37693,0.436159,-1.45054,-1.1115
1.36074,0.412504,-1.46574,-1.14817
1.34374,0.38802,-1.48133,-1.18707
1.32591,0.36279,-1.49732,-1.22824
1.30719,0.336903,-1.51369,-1.27172
1.28753,0.31045,-1.53045,-1.31757
1.26686,0.283526,-1.5476,-1.36581
1.24511,0.256228,-1.56515,-1.41648
1.22219,0.228654,-1.58311,-1.46961
1.19799,0.200903,-1.60151,-1.52521
1.17239,0.173076,-1.62034,-1.58331
1.14526,0.145272,-1.63963,-1.64391
1.11646,0.117594,-1.65937,-1.70701
1.08581,0.0901461,-1.67959,-1.7726
1.05313,0.0630356,-1.70027,-1.84066
1.01821,0.036375,-1.72141,-1.91115
0.980801,0.0102842,-1.74299,-1.98403
0.940627,-0.0151072,-1.765,-2.05923
0.89736,-0.0396554,-1.78739,-2.13667
0.850613,-0.0631977,-1.8101,-2.21624
0.799921,-0.0855451,-1.83306,-2.29777
0.744712,-0.106472,-1.85618,-2.38105
0.684268,-0.125702,-1.8793,-2.46577
0.61767,-0.142884,-1.90223,-2.55151
0.543705,-0.15756,-1.92468,-2.63758
0.460729,-0.169109,-1.94621,-2.72294
0.366469,-0.176661,-1.96614,-2.80579
0.257804,-0.178987,-1.98331,-2.88288
0.130982,-0.174485,-1.99571,-2.94791
-0.0155159,-0.161996,-1.99994,-2.98915
-0.172272,-0.143821,-1.99257,-2.99216
-0.319127,-0.126548,-1.97438,-2.95566
-0.445595,-0.114397,-1.94973,-2.89329
-0.552965,-0.107624,-1.92204,-2.8174
-0.645179,-0.105301,-1.89308,-2.73482
-0.725551,-0.106523,-1.86375,-2.64912
-0.796484,-0.110593,-1.83456,-2.56227
-0.859704,-0.116995,-1.8058,-2.47541
-0.916478,-0.125339,-1.77766,-2.3893
-0.967755,-0.135325,-1.75027,-2.3044
-1.01427,-0.146716,-1.72373,-2.22107
-1.05662,-0.159319,-1.69811,-2.13953
-1.09525,-0.172975,-1.67345,-2.05998
-1.13057,-0.18755,-1.64979,-1.98254
-1.16289,-0.202927,-1.62717,-1.90731
-1.19248,-0.219002,-1.60561,-1.83438
-1.21959,-0.235685,-1.58512,-1.7638
-1.24441,-0.252891,-1.56571,-1.69563
-1.26713,-0.270542,-1.54738,-1.6299
-1.2879,-0.288563,-1.53014,-1.56664
-1.30685,-0.306884,-1.51398,-1.50587
-1.32412,-0.325436,-1.4989,-1.4476
-1.33981,-0.344151,-1.48489,-1.39184
-1.35403,-0.36296,-1.47194,-1.33858
-1.36686,-0.381797,-1.46003,-1.28783
-1.37838,-0.400593,-1.44916,-1.23957
-1.38867,-0.419279,-1.4393,-1.19379
-1.39779,-0.437785,-1.43045,-1.15046
-1.40579,-0.456044,-1.42259,-1.10956
-1.41271,-0.473985,-1.41571,-1.07105
-1.4186,-0.49154,-1.40981,-1.0349
-1.42349,-0.508643,-1.40488,-1.00107
-1.42739,-0.525231,-1.40091,-0.96951
-1.43032,-0.54124,-1.39792,-0.940173
-1.4323,-0.556615,-1.39589,-0.913009
-1.43331,-0.571301,-1.39485,-0.887965
-1.43336,-0.585248,-1.3948,-0.864986
-1.43243,-0.598414,-1.39576,-0.844019
-1.43051,-0.610758,-1.39773,-0.825008
-1.42757,-0.622244,-1.40073,-0.807897
-1.42359,-0.632842,-1.40478,-0.792632
-1.41853,-0.642525,-1.40988,-0.779159
-1.41238,-0.651269,-1.41604,-0.767423
-1.40509,-0.659056,-1.42328,-0.75737
-1.39662,-0.665869,-1.43159,-0.748947
-1.38694,-0.671692,-1.44097,-0.742101
-1.376,-0.676514,-1.45142,-0.736775
-1.36375,-0.680325,-1.46293,-0.732917
-1.35016,-0.683117,-1.47549,-0.73047
-1.33517,-0.684884,-1.48907,-0.729378
-1.31874,-0.685622,-1.50364,-0.729582
-1.30081,-0.685327,-1.51918,-0.731025
-1.28133,-0.684,-1.53564,-0.733645
-1.26025,-0.681642,-1.55298,-0.737381
-1.23753,-0.678258,-1.57116,-0.742169
-1.21309,-0.673853,-1.5901,-0.747944
-1.1869,-0.668438,-1.60974,-0.754641
-1.1589,-0.662026,-1.63001,-0.762193
-1.12904,-0.654634,-1.65084,-0.770533
-1.09727,-0.646283,-1.67212,-0.779593
-1.06355,-0.637,-1.69377,-0.789308
-1.02782,-0.626817,-1.71569,-0.799612
-0.99005,-0.615769,-1.73776,-0.810442
-0.950203,-0.603902,-1.75986,-0.821739
-0.908245,-0.591264,-1.78188,-0.833447
-0.864151,-0.577911,-1.80368,-0.845517
-0.817901,-0.563908,-1.82511,-0.857907
-0.769486,-0.549324,-1.84605,-0.870584
-0.718902,-0.534236,-1.86633,-0.883527
-0.666158,-0.518726,-1.8858,-0.896726
-0.611274,-0.502883,-1.9043,-0.910188
-0.554286,-0.486799,-1.92166,-0.923937
-0.495244,-0.470568,-1.93771,-0.938018
-0.434216,-0.454285,-1.9523,-0.952497
-0.371292,-0.438042,-1.96523,-0.967464
-0.306584,-0.421925,-1.97636,-0.983036
-0.240234,-0.406011,-1.98552,-0.999356
-0.172412,-0.390361,-1.99255,-1.01659
-0.10332,-0.375019,-1.99733,-1.03495
-0.033199,-0.360005,-1.99972,-1.05463
0.0376755,-0.345309,-1.99965,-1.07589
0.108988,-0.330891,-1.99703,-1.09897
0.180385,-0.316676,-1.99185,-1.12413
0.251481,-0.302551,-1.98413,-1.15163
0.321858,-0.28837,-1.97393,-1.18171
0.391078,-0.273956,-1.96139,-1.21458
0.458692,-0.259105,-1.94669,-1.25044
0.524249,-0.243594,-1.93007,-1.28943
0.587309,-0.227193,-1.91182,-1.33166
0.647455,-0.20967,-1.8923,-1.37719
0.704303,-0.1908,-1.87189,-1.42603
0.757508,-0.170379,-1.85099,-1.47813
0.806772,-0.148221,-1.83006,-1.53343
0.851843,-0.124173,-1.80952,-1.59182
0.892513,-0.0981055,-1.78981,-1.65316
0.928616,-0.0699212,-1.77135,-1.71728
0.960016,-0.0395484,-1.75453,-1.78403
0.986601,-0.00693844,-1.73972,-1.85321
1.00827,0.0279388,-1.72725,-1.92462
1.02491,0.0651007,-1.71743,-1.99808
1.03641,0.104558,-1.71052,-2.07337
1.04259,0.146319,-1.70675,-2.15025
1.04326,0.190401,-1.70634,-2.22849
1.03811,0.236832,-1.70948,-2.30778
1.02672,0.285658,-1.71634,-2.38778
1.00854,0.336957,-1.72709,-2.46802
0.982749,0.390839,-1.7419,-2.5479
0.948221,0.447461,-1.76093,-2.62652
0.903333,0.507018,-1.78437,-2.70249
0.845738,0.569712,-1.81238,-2.77353
0.772134,0.635571,-1.84494,-2.83557
0.678651,0.703773,-1.88134,-2.88102
0.564653,0.770687,-1.91864,-2.89718
0.441818,0.828322,-1.95059,-2.87288
0.329382,0.870677,-1.97269,-2.81352
0.235269,0.898998,-1.98611,-2.73409
0.158051,0.916867,-1.99375,-2.64505
0.0945655,0.927062,-1.99776,-2.55179
0.0421864,0.931388,-1.99956,-2.45707
-0.00100293,0.93102,-2,-2.3624
-0.0363873,0.926746,-1.99967,-2.26869
-0.0649838,0.91912,-1.99894,-2.17654
-0.0875566,0.908541,-1.99808,-2.08634
-0.104693,0.895307,-1.99726,-1.99841
-0.116852,0.879646,-1.99658,-1.91297
-0.124404,0.861737,-1.99613,-1.83021
-0.127647,0.841721,-1.99592,-1.75031
-0.126833,0.819716,-1.99597,-1.67341
-0.122171,0.795818,-1.99627,-1.59966
-0.113845,0.770111,-1.99676,-1.52919
-0.102017,0.742667,-1.9974,-1.46213
-0.0868355,0.713555,-1.99811,-1.39863
-0.0684392,0.682837,-1.99883,-1.33884
-0.0469623,0.650577,-1.99945,-1.2829
-0.0225395,0.616841,-1.99987,-1.23098
0.00469019,0.581698,-1.99999,-1.18326
0.0345785,0.545227,-1.9997,-1.13991
0.066962,0.507519,-1.99888,-1.10115
0.101656,0.468681,-1.99741,-1.0672
0.138445,0.428843,-1.9952,-1.0383
0.177078,0.388161,-1.99215,-1.01468
0.217253,0.346826,-1.98817,-0.996595
0.258616,0.305067,-1.98321,-0.984288
0.300753,0.263148,-1.97726,-0.977965
0.343191,0.221368,-1.97033,-0.977783
0.38542,0.180046,-1.96251,-0.983828
0.426903,0.139506,-1.95391,-0.996096
0.467115,0.100054,-1.94469,-1.01449
0.505566,0.0619573,-1.93505,-1.03883
0.541825,0.0254377,-1.92521,-1.06885
0.575532,-0.00933937,-1.9154,-1.10428
0.606402,-0.0422606,-1.90585,-1.14478
0.634218,-0.0732581,-1.89678,-1.19004
0.658818,-0.1023,-1.88837,-1.23976
0.680088,-0.129381,-1.88082,-1.29366
0.697943,-0.154514,-1.87427,-1.35147
0.712318,-0.17772,-1.86885,-1.41296
0.723159,-0.199026,-1.86468,-1.47793
0.730413,-0.218459,-1.86185,-1.54619
0.734019,-0.23604,-1.86043,-1.61756
0.733905,-0.251783,-1.86048,-1.6919
0.729976,-0.265693,-1.86202,-1.76905
0.72211,-0.277758,-1.86509,-1.84887
0.71015,-0.287954,-1.86968,-1.93122
0.693892,-0.296234,-1.87577,-2.01595
0.673072,-0.302527,-1.88334,-2.1029
0.647353,-0.306731,-1.89234,-2.19187
0.616297,-0.308703,-1.90268,-2.28264
0.579331,-0.308248,-1.91426,-2.37491
0.5357,-0.305098,-1.92692,-2.46827
0.484387,-0.298882,-1.94046,-2.56214
0.423993,-0.28908,-1.95454,-2.65563
0.352553,-0.274941,-1.96868,-2.7473
0.267275,-0.255372,-1.98206,-2.83461
0.164376,-0.228819,-1.99323,-2.91269
0.0402308,-0.193539,-1.9996,-2.97189
-0.101928,-0.149857,-1.9974,-2.99625
-0.243187,-0.103875,-1.98516,-2.97541
-0.365201,-0.0626173,-1.96637,-2.9195
-0.465452,-0.0278921,-1.94508,-2.84427
-0.547856,0.00108948,-1.9235,-2.75936
-0.616294,0.0253794,-1.90268,-2.66966
-0.673592,0.0457976,-1.88316,-2.57776
-0.721726,0.0629316,-1.86524,-2.48517
-0.762095,0.0771985,-1.84911,-2.39279
-0.795709,0.0888962,-1.8349,-2.30124
-0.823312,0.0982378,-1.82268,-2.21094
-0.845462,0.105374,-1.81251,-2.1222
-0.862578,0.11041,-1.80443,-2.03528
-0.874978,0.113413,-1.79845,-1.95038
-0.882901,0.114424,-1.79457,-1.86767
-0.886526,0.113459,-1.79278,-1.78731
-0.885986,0.110515,-1.79305,-1.70947
-0.881375,0.105575,-1.79532,-1.63429
-0.872758,0.0986091,-1.79953,-1.56194
-0.860185,0.0895795,-1.80557,-1.4926
-0.843689,0.0784426,-1.81334,-1.42646
-0.823302,0.0651536,-1.82268,-1.36372
-0.79906,0.0496713,-1.83344,-1.30462
-0.771016,0.0319631,-1.84541,-1.2494
-0.739246,0.0120123,-1.85836,-1.19836
-0.703865,-0.0101748,-1.87205,-1.15178
-0.665037,-0.0345597,-1.88619,-1.10999
-0.622988,-0.0610635,-1.9005,-1.07331
-0.578013,-0.0895581,-1.91465,-1.04207
-0.530483,-0.119861,-1.92836,-1.01656
-0.480841,-0.151736,-1.94134,-0.997044
-0.429592,-0.184895,-1.95332,-0.983718
-0.37728,-0.219014,-1.96409,-0.976696
-0.324469,-0.253748,-1.9735,-0.976008
-0.271712,-0.288753,-1.98146,-0.981602
-0.219532,-0.323697,-1.98791,-0.993355
-0.168408,-0.35828,-1.9929,-1.01109
-0.118766,-0.392233,-1.99647,-1.03459
-0.0709803,-0.425326,-1.99874,-1.06363
-0.0253782,-0.457363,-1.99984,-1.09796
0.0177566,-0.488176,-1.99992,-1.13735
0.0581766,-0.517627,-1.99915,-1.18157
0.0956644,-0.545597,-1.99771,-1.23039
0.130027,-0.571986,-1.99577,-1.28361
0.161092,-0.596709,-1.9935,-1.34102
0.188699,-0.619688,-1.99108,-1.40243
0.212698,-0.640858,-1.98866,-1.46766
0.232946,-0.660155,-1.98639,-1.53653
0.249295,-0.677518,-1.9844,-1.60888
0.261592,-0.692886,-1.98282,-1.68454
0.269669,-0.706191,-1.98174,-1.76334
0.273336,-0.717356,-1.98123,-1.84512
0.272372,-0.726292,-1.98137,-1.9297
0.266508,-0.732888,-1.98216,-2.0169
0.255415,-0.737005,-1.98362,-2.10652
0.238679,-0.738462,-1.98571,-2.1983
0.215768,-0.737026,-1.98833,-2.29194
0.185989,-0.732381,-1.99133,-2.38706
0.148416,-0.724093,-1.99449,-2.48308
0.101784,-0.711551,-1.99741,-2.5792
0.0443352,-0.693863,-1.99951,-2.67409
-0.0263992,-0.66969,-1.99983,-2.76545
-0.1137,-0.637,-1.99677,-2.84891
-0.220625,-0.593043,-1.98779,-2.91586
-0.344327,-0.536117,-1.97014,-2.95157
-0.467894,-0.470402,-1.9445,-2.9445
-0.573389,-0.40408,-1.91604,-2.90161
-0.657393,-0.341418,-1.88887,-2.83764
-0.723386,-0.283128,-1.86459,-2.76247
-0.775111,-0.228889,-1.84369,-2.68133
-0.815322,-0.178262,-1.82627,-2.59708
-0.845934,-0.130882,-1.81229,-2.51136
-0.868281,-0.0864763,-1.80169,-2.42521
-0.883306,-0.0448482,-1.79437,-2.33934
-0.891686,-0.0058601,-1.79022,-2.25424
-0.893913,0.030583,-1.78911,-2.1703
-0.890347,0.0645452,-1.79089,-2.08784
-0.881256,0.0960698,-1.79538,-2.00712
-0.866844,0.125187,-1.80238,-1.92837
-0.847271,0.151923,-1.81167,-1.85183
-0.822671,0.176303,-1.82297,-1.77768
-0.793173,0.198361,-1.83599,-1.70614
-0.758905,0.218143,-1.85042,-1.6374
-0.720013,0.235713,-1.8659,-1.57164
-0.676669,0.251156,-1.88205,-1.50904
-0.629076,0.264582,-1.89849,-1.44974
-0.577478,0.276124,-1.91482,-1.39389
-0.522158,0.285941,-1.93063,-1.34159
-0.463443,0.294215,-1.94556,-1.29291
-0.401694,0.301141,-1.95925,-1.24789
-0.337305,0.306929,-1.97135,-1.20652
-0.270691,0.311788,-1.9816,-1.16875
-0.202278,0.315922,-1.98974,-1.13449
-0.132491,0.319522,-1.99561,-1.1036
-0.0617434,0.322757,-1.99905,-1.07592
0.00957433,0.325766,-1.99998,-1.05128
0.081101,0.328659,-1.99835,-1.02948
0.152511,0.331512,-1.99418,-1.01033
0.223519,0.33437,-1.98747,-0.993634
0.293877,0.33725,-1.97829,-0.979232
0.363374,0.340143,-1.96671,-0.966983
0.431836,0.343025,-1.95282,-0.956774
0.499116,0.345859,-1.93672,-0.948533
0.565092,0.348604,-1.91851,-0.942222
0.62966,0.351223,-1.8983,-0.937842
0.69273,0.353687,-1.8762,-0.935429
0.754217,0.355987,-1.85234,-0.935053
0.814038,0.358129,-1.82684,-0.936813
0.872108,0.360149,-1.79984,-0.940831
0.928335,0.362109,-1.77149,-0.947245
0.98262,0.3641,-1.74197,-0.956201
1.03485,0.366241,-1.71146,-0.967843
1.08491,0.368676,-1.68017,-0.98231
1.13267,0.371568,-1.64835,-0.999718
1.178,0.375093,-1.61626,-1.02016
1.22078,0.379432,-1.5842,-1.04371
1.26089,0.384761,-1.55247,-1.07039
1.29822,0.391245,-1.52139,-1.10021
1.33269,0.399028,-1.49129,-1.13312
1.36422,0.408233,-1.4625,-1.16908
1.39277,0.418951,-1.43534,-1.20801
1.41832,0.43125,-1.4101,-1.2498
1.44086,0.445166,-1.38705,-1.29436
1.4604,0.460713,-1.36646,-1.34157
1.47697,0.477884,-1.34854,-1.39132
1.49058,0.496652,-1.33348,-1.4435
1.50127,0.516981,-1.32144,-1.49801
1.50905,0.538823,-1.31254,-1.55474
1.51393,0.56213,-1.30691,-1.61362
1.51591,0.586849,-1.30461,-1.67453
1.51496,0.612932,-1.30572,-1.73741
1.51101,0.640333,-1.31029,-1.80215
1.50397,0.669017,-1.31836,-1.86867
1.49373,0.698954,-1.32996,-1.93686
1.48008,0.730127,-1.34512,-2.00661
1.4628,0.762531,-1.36389,-2.07777
1.44157,0.796173,-1.38632,-2.15016
1.41597,0.831075,-1.41245,-2.22356
1.38547,0.867274,-1.44239,-2.29765
1.34934,0.904819,-1.47624,-2.37201
1.30664,0.943768,-1.51417,-2.44601
1.25605,0.984172,-1.55639,-2.51872
1.19576,1.02603,-1.60317,-2.58866
1.12321,1.06915,-1.65481,-2.65335
1.03492,1.1128,-1.71142,-2.70838
0.92732,1.1546,-1.77203,-2.74586
0.801363,1.18864,-1.83243,-2.7544
0.669552,1.2069,-1.8846,-2.72796
0.547228,1.20714,-1.92368,-2.67502
0.439356,1.1933,-1.95114,-2.60809
0.344473,1.16968,-1.97011,-2.53494
0.260045,1.13922,-1.98302,-2.45952
0.183942,1.10377,-1.99152,-2.38385
0.114554,1.06453,-1.99672,-2.30904
0.0506724,1.02233,-1.99936,-2.23574
-0.00862909,0.977768,-1.99998,-2.16436
-0.0640781,0.931286,-1.99897,-2.09516
-0.116262,0.883236,-1.99662,-2.0283
-0.165668,0.833905,-1.99313,-1.96389
-0.212708,0.783532,-1.98866,-1.90201
-0.257738,0.732327,-1.98332,-1.84271
-0.301073,0.680475,-1.97721,-1.78599
-0.342994,0.628148,-1.97037,-1.73187
-0.383756,0.575505,-1.96284,-1.68032
-0.423591,0.522701,-1.95463,-1.63131
-0.462712,0.469884,-1.94574,-1.58482
-0.501314,0.4172,-1.93615,-1.54076
-0.539575,0.364795,-1.92584,-1.49909
-0.577654,0.312814,-1.91476,-1.45972
-0.615693,0.2614,-1.90287,-1.42255
-0.653812,0.210698,-1.89011,-1.3875
-0.692107,0.160848,-1.87643,-1.35445
-0.730651,0.111992,-1.86176,-1.32329
-0.769491,0.0642615,-1.84605,-1.29391
-0.808646,0.0177862,-1.82923,-1.2662
-0.84811,-0.0273146,-1.81127,-1.24005
-0.887847,-0.0709318,-1.79213,-1.21537
-0.9278,-0.112969,-1.77177,-1.19208
-0.96789,-0.153342,-1.7502,-1.1701
-1.00802,-0.191985,-1.7274,-1.14939
-1.04808,-0.228847,-1.70339,-1.12992
-1.08794,-0.263895,-1.67821,-1.11168
-1.12748,-0.297113,-1.6519,-1.09469
-1.16657,-0.328504,-1.62453,-1.07897
-1.20508,-0.358089,-1.59618,-1.06457
-1.24288,-0.385907,-1.56692,-1.05157
-1.27986,-0.412015,-1.53687,-1.04003
-1.3159,-0.436488,-1.50612,-1.03006
-1.35089,-0.459414,-1.47482,-1.02175
-1.38474,-0.4809,-1.44309,-1.01521
-1.41736,-0.501066,-1.41106,-1.01055
-1.44866,-0.520045,-1.37891,-1.00786
-1.47858,-0.537978,-1.34678,-1.00726
-1.50705,-0.555018,-1.31484,-1.00883
-1.53401,-0.571321,-1.28328,-1.01267
-1.55942,-0.587048,-1.25228,-1.01884
-1.58323,-0.602357,-1.22203,-1.02741
-1.60543,-0.617403,-1.19273,-1.03843
-1.62597,-0.632335,-1.16457,-1.05193
-1.64485,-0.647291,-1.13775,-1.06793
-1.66206,-0.662399,-1.11245,-1.08644
-1.6776,-0.677769,-1.08888,-1.10745
-1.69147,-0.6935,-1.06721,-1.13096
-1.70368,-0.709672,-1.04761,-1.15694
-1.71424,-0.726351,-1.03023,-1.18537
-1.72318,-0.743586,-1.01521,-1.2162
-1.7305,-0.761414,-1.00268,-1.24942
-1.73621,-0.779859,-0.992758,-1.28497
-1.74033,-0.798935,-0.985525,-1.32284
-1.74285,-0.818648,-0.981063,-1.36297
-1.74376,-0.838995,-0.979438,-1.40535
-1.74305,-0.859971,-0.980701,-1.44992
-1.74069,-0.881569,-0.984892,-1.49667
-1.73662,-0.903778,-0.992043,-1.54555
-1.73079,-0.926591,-1.00218,-1.59653
-1.72312,-0.95,-1.01531,-1.64957
-1.7135,-0.974,-1.03147,-1.70463
-1.7018,-0.99859,-1.05066,-1.76165
-1.68786,-1.02377,-1.07291,-1.82056
-1.67149,-1.04956,-1.09823,-1.8813
-1.65246,-1.07596,-1.12666,-1.94376
-1.63048,-1.103,-1.15825,-2.00782
-1.60519,-1.13069,-1.19305,-2.07331
-1.57615,-1.15908,-1.23115,-2.14002
-1.54283,-1.18818,-1.27266,-2.20766
-1.50451,-1.21802,-1.31774,-2.27582
-1.4603,-1.24862,-1.36658,-2.34392
-1.40896,-1.27995,-1.41945,-2.41109
-1.34886,-1.31187,-1.47668,-2.47599
-1.27774,-1.34399,-1.53863,-2.53643
-1.19263,-1.3753,-1.6055,-2.58867
-1.09051,-1.40324,-1.67654,-2.62638
-0.971552,-1.42236,-1.74817,-2.64079
-0.844532,-1.42575,-1.81294,-2.62669
-0.722144,-1.41131,-1.86508,-2.58968
-0.610247,-1.3826,-1.90463,-2.53982
-0.508721,-1.34396,-1.93422,-2.48411
-0.415787,-1.29846,-1.9563,-2.4263
-0.329699,-1.24807,-1.97264,-2.36835
-0.249052,-1.19411,-1.98443,-2.31134
-0.172757,-1.13745,-1.99252,-2.25589
-0.0999627,-1.07875,-1.9975,-2.20237
-0.0299927,-1.01849,-1.99978,-2.15101
0.0377018,-0.957049,-1.99964,-2.10197
0.103574,-0.894741,-1.99732,-2.05535
0.168003,-0.831831,-1.99293,-2.01118
0.231307,-0.768547,-1.98658,-1.96951
0.293756,-0.705093,-1.97831,-1.93033
0.355573,-0.641649,-1.96814,-1.89366
0.416942,-0.578383,-1.95606,-1.85947
0.478004,-0.515443,-1.94204,-1.82775
0.538863,-0.452967,-1.92604,-1.79848
0.599581,-0.391075,-1.90801,-1.77163
0.660177,-0.329873,-1.8879,-1.74719
0.72063,-0.269447,-1.86566,-1.72513
0.780873,-0.209863,-1.84126,-1.70546
0.8408,-0.151165,-1.81468,-1.68817
0.900263,-0.0933702,-1.78592,-1.67326
0.959076,-0.0364686,-1.75504,-1.66075
1.01702,0.019579,-1.72211,-1.65066
1.07386,0.074841,-1.68725,-1.64301
1.12933,0.129414,-1.65064,-1.63784
1.18316,0.183421,-1.61249,-1.63515
1.23509,0.237007,-1.57307,-1.63497
1.28485,0.290333,-1.5327,-1.63731
1.33219,0.343573,-1.49173,-1.64216
1.37692,0.396905,-1.45055,-1.64949
1.41883,0.450502,-1.40958,-1.65927
1.45778,0.504531,-1.36926,-1.67143
1.49367,0.559144,-1.33002,-1.6859
1.52642,0.614473,-1.2923,-1.70261
1.55599,0.670627,-1.25654,-1.72143
1.58238,0.727694,-1.22314,-1.74228
1.60561,0.785735,-1.19249,-1.76504
1.6257,0.844791,-1.16494,-1.78958
1.64272,0.904881,-1.14082,-1.8158
1.6567,0.966004,-1.12042,-1.84357
1.66768,1.02815,-1.10401,-1.87277
1.67569,1.09128,-1.09182,-1.90328
1.68071,1.15536,-1.08407,-1.93496
1.6827,1.22035,-1.08098,-1.96768
1.68157,1.28619,-1.08274,-2.00126
1.67715,1.35282,-1.08957,-2.03551
1.66922,1.42015,-1.10169,-2.07018
1.65741,1.4881,-1.11937,-2.10494
1.64124,1.55653,-1.14295,-2.13935
1.62003,1.62525,-1.17282,-2.17281
1.59282,1.69392,-1.20952,-2.20439
1.55829,1.76197,-1.25369,-2.23273
1.51464,1.82831,-1.30609,-2.25562
1.45966,1.89074,-1.36726,-2.26957
1.39163,1.94501,-1.43645,-2.26937
1.31216,1.98442,-1.50939,-2.2497
1.22856,2.00355,-1.57818,-2.21014
1.1489,2.00317,-1.63708,-2.1569
1.07658,1.98802,-1.68552,-2.09696
1.01161,1.96253,-1.7253,-2.03474
0.952938,1.92973,-1.75838,-1.97258
0.899482,1.89159,-1.78632,-1.91171
0.850303,1.8494,-1.81024,-1.85282
0.804642,1.80404,-1.831,-1.79628
0.761882,1.75615,-1.8492,-1.74232
0.721515,1.70622,-1.86532,-1.69107
0.68311,1.65459,-1.87972,-1.64262
0.646299,1.60158,-1.8927,-1.597
0.610756,1.54742,-1.90446,-1.55424
0.57619,1.49232,-1.9152,-1.51433
0.542333,1.43646,-1.92506,-1.47725
0.508938,1.37999,-1.93416,-1.44297
0.47577,1.32305,-1.94259,-1.41145
0.442607,1.26579,-1.95041,-1.38263
0.409235,1.20832,-1.95768,-1.35646
0.375445,1.15075,-1.96444,-1.33286
0.341037,1.09321,-1.97071,-1.31174
0.305815,1.03579,-1.97648,-1.29301
0.269593,0.978608,-1.98175,-1.27655
0.232189,0.921764,-1.98648,-1.26226
0.193435,0.865362,-1.99062,-1.25001
0.153174,0.809503,-1.99413,-1.23965
0.111265,0.754287,-1.9969,-1.23106
0.0675881,0.699815,-1.99886,-1.22407
0.0220463,0.646183,-1.99988,-1.21856
-0.0254297,0.593487,-1.99984,-1.21438
-0.0748782,0.541818,-1.9986,-1.2114
-0.126303,0.491264,-1.99601,-1.20949
-0.179672,0.441906,-1.99191,-1.20856
-0.234914,0.393818,-1.98616,-1.20853
-0.291919,0.347062,-1.97858,-1.20936
-0.350541,0.30169,-1.96904,-1.21102
-0.410592,0.257736,-1.9574,-1.21353
-0.471853,0.215217,-1.94354,-1.21695
-0.53407,0.174127,-1.92737,-1.22136
-0.596958,0.134433,-1.90883,-1.22687
-0.660206,0.0960745,-1.88789,-1.23364
-0.723482,0.0589605,-1.86456,-1.24183
-0.786432,0.0229669,-1.83889,-1.25163
-0.848691,-0.0120627,-1.811,-1.26323
-0.909888,-0.0463152,-1.78104,-1.27682
-0.96965,-0.0800046,-1.74922,-1.29257
-1.02761,-0.113366,-1.71581,-1.31065
-1.08343,-0.146651,-1.68113,-1.3312
-1.13677,-0.180114,-1.64552,-1.35431
-1.18735,-0.214009,-1.60941,-1.38005
-1.23491,-0.248578,-1.57321,-1.40844
-1.27924,-0.284043,-1.53738,-1.43948
-1.32017,-0.320599,-1.50238,-1.47313
-1.35759,-0.358412,-1.46866,-1.50931
-1.3914,-0.397612,-1.43666,-1.54794
-1.42158,-0.438296,-1.40681,-1.5889
-1.44811,-0.48053,-1.37949,-1.63206
-1.471,-0.52435,-1.35505,-1.67732
-1.49028,-0.569767,-1.33382,-1.72453
-1.50598,-0.61677,-1.31606,-1.77356
-1.51812,-0.665334,-1.30204,-1.8243
-1.52671,-0.715422,-1.29195,-1.87659
-1.53174,-0.766992,-1.28599,-1.93032
-1.53314,-0.819998,-1.28432,-1.98534
-1.53081,-0.874394,-1.2871,-2.04149
-1.52459,-0.930138,-1.29446,-2.09859
-1.51422,-0.987189,-1.30657,-2.15642
-1.49936,-1.04551,-1.32361,-2.21469
-1.4795,-1.10506,-1.34577,-2.27302
-1.45396,-1.1658,-1.37332,-2.3309
-1.42179,-1.22764,-1.4066,-2.38757
-1.38165,-1.29042,-1.44605,-2.44188
-1.33164,-1.35376,-1.49222,-2.49198
-1.26915,-1.41679,-1.54573,-2.53477
-1.19094,-1.47736,-1.60675,-2.56486
-1.0952,-1.53051,-1.67348,-2.57376
-0.987243,-1.56803,-1.73935,-2.55341
-0.880473,-1.5846,-1.79576,-2.50584
-0.784215,-1.58277,-1.83984,-2.44175
-0.699826,-1.56787,-1.87356,-2.37005
-0.625663,-1.54394,-1.89962,-2.29557
-0.559823,-1.51355,-1.92005,-2.22074
-0.500752,-1.47833,-1.9363,-2.14686
-0.447258,-1.43938,-1.94935,-2.07466
-0.398422,-1.39742,-1.95991,-2.00457
-0.353525,-1.35302,-1.96851,-1.93687
-0.311987,-1.30659,-1.97552,-1.87172
-0.273333,-1.25843,-1.98123,-1.80925
-0.237161,-1.20883,-1.98589,-1.74953
-0.203125,-1.15799,-1.98966,-1.69261
-0.170919,-1.1061,-1.99268,-1.63851
-0.140268,-1.05333,-1.99508,-1.58724
-0.110924,-0.999816,-1.99692,-1.53881
-0.0826522,-0.945705,-1.99829,-1.49318
-0.0552358,-0.891117,-1.99924,-1.45033
-0.0284677,-0.836171,-1.9998,-1.41021
-0.00215021,-0.780982,-2,-1.37277
0.023906,-0.725662,-1.99986,-1.33793
0.0498821,-0.670318,-1.99938,-1.30561
0.0759507,-0.615058,-1.99856,-1.27571
0.102274,-0.559988,-1.99738,-1.24811
0.129002,-0.505212,-1.99584,-1.22268
0.15627,-0.45083,-1.99389,-1.19926
0.184194,-0.396943,-1.9915,-1.17769
0.212868,-0.343646,-1.98864,-1.1578
0.242361,-0.291029,-1.98526,-1.13939
0.272711,-0.239177,-1.98132,-1.12227
0.303927,-0.188166,-1.97677,-1.10623
0.335984,-0.138067,-1.97158,-1.09108
0.368824,-0.0889389,-1.9657,-1.07662
0.402361,-0.0408334,-1.95911,-1.06268
0.436476,0.00620835,-1.95179,-1.04909
0.471031,0.0521543,-1.94374,-1.0357
0.505866,0.0969815,-1.93497,-1.02238
0.540808,0.140676,-1.92549,-1.00904
0.575675,0.183231,-1.91536,-0.995583
0.61028,0.224648,-1.90462,-0.981962
0.644438,0.264935,-1.89333,-0.96814
0.677968,0.304107,-1.88158,-0.954099
0.710697,0.342185,-1.86947,-0.939845
0.742461,0.379196,-1.85708,-0.925396
0.773109,0.415169,-1.84453,-0.910788
0.802503,0.450142,-1.83194,-0.896072
0.830519,0.484156,-1.81941,-0.881306
0.857046,0.517254,-1.80706,-0.866561
0.88199,0.549486,-1.79502,-0.851917
0.90527,0.580902,-1.78339,-0.837461
0.926816,0.611557,-1.77229,-0.823284
0.946575,0.641507,-1.76182,-0.809485
0.964504,0.67081,-1.75207,-0.796166
0.980571,0.699524,-1.74312,-0.78343
0.994756,0.727708,-1.73507,-0.771385
1.00705,0.75542,-1.72796,-0.760139
1.01744,0.782719,-1.72186,-0.749802
1.02594,0.80966,-1.71681,-0.740482
1.03256,0.836296,-1.71284,-0.732289
1.03731,0.862679,-1.70996,-0.725332
1.04023,0.888856,-1.70819,-0.719716
1.04133,0.914871,-1.70752,-0.715548
1.04066,0.940766,-1.70793,-0.712932
1.03825,0.966575,-1.7094,-0.71197
1.03414,0.99233,-1.71189,-0.712761
1.02838,1.01806,-1.71535,-0.715405
1.02103,1.04378,-1.71974,-0.719997
1.01214,1.06951,-1.72498,-0.726632
1.00178,1.09526,-1.73102,-0.735401
0.990018,1.12104,-1.73778,-0.746396
0.976934,1.14684,-1.74516,-0.759705
0.962613,1.17266,-1.7531,-0.775413
0.94715,1.19848,-1.76151,-0.793606
0.930647,1.22428,-1.77028,-0.814364
0.913219,1.25004,-1.77933,-0.837766
0.894989,1.27572,-1.78857,-0.863888
0.876088,1.30128,-1.79791,-0.892802
0.856664,1.32666,-1.80724,-0.924577
0.836869,1.35182,-1.81649,-0.959277
0.816873,1.37669,-1.82557,-0.99696
0.796852,1.4012,-1.8344,-1.03768
0.776997,1.42526,-1.8429,-1.08148
0.757508,1.44879,-1.85099,-1.12841
0.738598,1.47169,-1.85862,-1.17849
0.720492,1.49386,-1.86571,-1.23176
0.703425,1.51518,-1.87222,-1.28821
0.687648,1.53552,-1.87807,-1.34787
0.673423,1.55475,-1.88322,-1.41072
0.661032,1.57273,-1.8876,-1.47674
0.650774,1.58928,-1.89116,-1.5459
0.642972,1.60422,-1.89383,-1.61815
0.637979,1.61734,-1.89552,-1.69342
0.636186,1.6284,-1.89612,-1.77161
0.638036,1.63712,-1.8955,-1.85259
0.644041,1.64313,-1.89347,-1.93618
0.654803,1.646,-1.88977,-2.02213
0.671053,1.64518,-1.88406,-2.11007
0.693694,1.63988,-1.87584,-2.19946
0.72386,1.62905,-1.86441,-2.28941
0.762952,1.61112,-1.84876,-2.37848
0.81253,1.58378,-1.82751,-2.46405
0.873604,1.54371,-1.79912,-2.54138
0.944286,1.48732,-1.76304,-2.60275
1.01667,1.41389,-1.72232,-2.64004
1.08025,1.32819,-1.68317,-2.65194
1.12999,1.23664,-1.65019,-2.64448
1.16626,1.14332,-1.62476,-2.6245
1.19101,1.05014,-1.6067,-2.59673
1.2061,0.957967,-1.59541,-2.56414
1.21291,0.867164,-1.59024,-2.52857
1.21244,0.777909,-1.59059,-2.49125
1.20542,0.690282,-1.59592,-2.45303
1.19236,0.604316,-1.6057,-2.41453
1.17365,0.52001,-1.61943,-2.37624
1.14958,0.437343,-1.6366,-2.33854
1.12041,0.356272,-1.65671,-2.30176
1.08636,0.276736,-1.67924,-2.26619
1.04764,0.19865,-1.70366,-2.23206
1.0045,0.121913,-1.72944,-2.19958
0.957188,0.0464031,-1.75607,-2.16895
0.905974,-0.0280187,-1.78303,-2.14033
0.851168,-0.101503,-1.80984,-2.11384
0.793106,-0.174209,-1.83602,-2.0896
0.732143,-0.246298,-1.86117,-2.0677
0.66865,-0.317928,-1.88492,-2.0482
0.603005,-0.38925,-1.90693,-2.03115
0.535578,-0.460398,-1.92696,-2.01658
0.466727,-0.531488,-1.94478,-2.0045
0.396784,-0.602614,-1.96025,-1.99492
0.326048,-0.673846,-1.97324,-1.98784
0.254775,-0.745225,-1.98371,-1.98327
0.183179,-0.816767,-1.99159,-1.9812
0.11142,-0.888463,-1.99689,-1.98162
0.0396106,-0.960276,-1.99961,-1.98455
-0.0321907,-1.03214,-1.99974,-1.98997
-0.103977,-1.10398,-1.9973,-1.99789
-0.175792,-1.17566,-1.99226,-2.00832
-0.247732,-1.24706,-1.9846,-2.02124
-0.319943,-1.318,-1.97424,-2.03664
-0.392628,-1.38826,-1.96108,-2.05449
-0.466044,-1.45758,-1.94494,-2.07476
-0.540517,-1.52565,-1.92558,-2.09736
-0.616448,-1.59205,-1.90263,-2.12216
-0.694331,-1.65624,-1.87561,-2.14896
-0.774771,-1.71749,-1.84384,-2.17741
-0.858496,-1.77477,-1.80637,-2.20693
-0.946335,-1.82655,-1.76194,-2.23652
-1.03904,-1.87059,-1.70891,-2.26437
-1.13669,-1.90367,-1.64558,-2.28725
-1.23713,-1.92201,-1.57147,-2.30013
-1.33462,-1.92367,-1.48956,-2.29765
-1.42235,-1.91118,-1.40603,-2.27841
-1.49729,-1.88961,-1.32595,-2.24577
-1.56016,-1.86313,-1.25136,-2.20436
-1.61297,-1.83413,-1.18251,-2.15774
-1.65765,-1.80389,-1.11902,-2.10827
-1.69571,-1.77306,-1.06045,-2.05745
-1.72835,-1.74201,-1.00638,-2.00628
-1.75646,-1.71091,-0.956473,-1.95544
-1.78074,-1.67989,-0.910476,-1.90538
-1.80174,-1.649,-0.868181,-1.85645
-1.8199,-1.61829,-0.82943,-1.8089
-1.83559,-1.58777,-0.794101,-1.76291
-1.84911,-1.55745,-0.762097,-1.71862
-1.8607,-1.52734,-0.733345,-1.67614
-1.87057,-1.49744,-0.707788,-1.63557
-1.8789,-1.46776,-0.685381,-1.59695
-1.88582,-1.43829,-0.666088,-1.56036
-1.89147,-1.40905,-0.649881,-1.52582
-1.89594,-1.38002,-0.636733,-1.49338
-1.8993,-1.35123,-0.626622,-1.46305
-1.90163,-1.32267,-0.619526,-1.43488
-1.90296,-1.29434,-0.615419,-1.40888
-1.90333,-1.26624,-0.614272,-1.38506
-1.90276,-1.23839,-0.616054,-1.36346
-1.90124,-1.21078,-0.620722,-1.34409
-1.89877,-1.1834,-0.628229,-1.32697
-1.89534,-1.15625,-0.638518,-1.31213
-1.8909,-1.12932,-0.65152,-1.29959
-1.88544,-1.1026,-0.667156,-1.28937
-1.87891,-1.07606,-0.685335,-1.2815
-1.87126,-1.04967,-0.705952,-1.27602
-1.86245,-1.02341,-0.728892,-1.27296
-1.85242,-0.997227,-0.754025,-1.27234
-1.84112,-0.97108,-0.781212,-1.2742
-1.8285,-0.944914,-0.810302,-1.27857
-1.81452,-0.918669,-0.841135,-1.28548
-1.79914,-0.892281,-0.873544,-1.29497
-1.78233,-0.865682,-0.907355,-1.30705
-1.76406,-0.838804,-0.942395,-1.32175
-1.7443,-0.811579,-0.978484,-1.33909
-1.72304,-0.78394,-1.01545,-1.3591
-1.70028,-0.755826,-1.05312,-1.38178
-1.67601,-0.727183,-1.09133,-1.40714
-1.65023,-0.697964,-1.12993,-1.43519
-1.62296,-0.668133,-1.16877,-1.46594
-1.59418,-0.637667,-1.20771,-1.49939
-1.56392,-0.606553,-1.24666,-1.53553
-1.53216,-0.574796,-1.28549,-1.57437
-1.4989,-0.542409,-1.32413,-1.6159
-1.46411,-0.509424,-1.36249,-1.66012
-1.42776,-0.475884,-1.40053,-1.707
-1.38982,-0.441844,-1.4382,-1.75655
-1.3502,-0.407374,-1.47545,-1.80874
-1.30882,-0.372553,-1.51228,-1.86355
-1.26558,-0.337475,-1.54865,-1.92097
-1.22032,-0.30224,-1.58455,-1.98094
-1.17289,-0.266965,-1.61998,-2.04343
-1.12305,-0.231775,-1.65492,-2.10838
-1.07057,-0.196811,-1.68935,-2.17571
-1.01512,-0.16223,-1.72323,-2.24533
-0.956326,-0.128211,-1.75654,-2.3171
-0.893723,-0.0949595,-1.78921,-2.39085
-0.826727,-0.0627164,-1.82113,-2.46634
-0.754599,-0.0317746,-1.85218,-2.54321
-0.676386,-0.00249847,-1.88215,-2.62099
-0.590828,0.0246428,-1.91074,-2.6989
-0.496228,0.0490253,-1.93746,-2.77573
-0.390277,0.0698012,-1.96155,-2.84943
-0.269968,0.0858386,-1.9817,-2.91626
-0.132309,0.0958882,-1.99562,-2.96923
0.021766,0.0997681,-1.99988,-2.99683
0.180381,0.100797,-1.99185,-2.98868
0.326846,0.104316,-1.97311,-2.94804
0.454898,0.1127,-1.94758,-2.88721
0.566355,0.125678,-1.91813,-2.8158
0.664545,0.142351,-1.88637,-2.73919
0.752244,0.161911,-1.85314,-2.6603
0.83151,0.183731,-1.81895,-2.58078
0.903852,0.207333,-1.78411,-2.50165
0.970398,0.232346,-1.74881,-2.42355
1.03201,0.258476,-1.71317,-2.34693
1.08936,0.285478,-1.67729,-2.27208
1.14298,0.31315,-1.64122,-2.19924
1.1933,0.341315,-1.605,-2.12857
1.24069,0.36982,-1.56866,-2.06018
1.28542,0.398527,-1.53222,-1.99418
1.32776,0.427312,-1.49568,-1.93064
1.3679,0.456065,-1.45906,-1.86961
1.40601,0.484683,-1.42237,-1.81114
1.44224,0.513074,-1.38562,-1.75527
1.4767,0.541155,-1.34883,-1.70202
1.5095,0.568852,-1.31203,-1.65142
1.5407,0.596102,-1.27524,-1.60348
1.57037,0.622852,-1.23852,-1.55821
1.59857,0.649058,-1.2019,-1.51562
1.62533,0.674687,-1.16546,-1.47573
1.65069,0.699718,-1.12926,-1.43853
1.67467,0.724141,-1.09338,-1.40403
1.69728,0.747958,-1.05793,-1.37223
1.71856,0.771179,-1.02301,-1.34312
1.73851,0.793826,-0.988727,-1.31671
1.75715,0.81593,-0.955203,-1.29299
1.77451,0.837527,-0.922563,-1.27195
1.79059,0.858663,-0.89094,-1.25358
1.80544,0.879386,-0.860466,-1.23787
1.81906,0.899749,-0.831275,-1.22481
1.8315,0.919807,-0.8035,-1.21437
1.84278,0.939614,-0.777271,-1.20656
1.85295,0.959223,-0.752717,-1.20133
1.86203,0.978686,-0.729958,-1.19868
1.87007,0.998051,-0.709109,-1.19858
1.8771,1.01736,-0.690278,-1.20101
1.88317,1.03666,-0.673564,-1.20595
1.88829,1.05598,-0.659058,-1.21337
1.89251,1.07535,-0.646842,-1.22326
1.89585,1.09481,-0.636989,-1.23559
1.89833,1.11435,-0.629561,-1.25035
1.89996,1.13402,-0.624613,-1.26752
1.90076,1.15381,-0.622192,-1.28708
1.90071,1.17375,-0.622336,-1.30901
1.89981,1.19383,-0.625077,-1.33331
1.89804,1.21407,-0.63044,-1.35995
1.89536,1.23446,-0.638446,-1.38892
1.89173,1.25502,-0.64911,-1.42021
1.88711,1.27574,-0.662446,-1.45379
1.88141,1.29663,-0.678464,-1.48966
1.87455,1.3177,-0.697175,-1.52778
1.86645,1.33894,-0.71859,-1.56814
1.85698,1.36037,-0.742721,-1.6107
1.84601,1.382,-0.769585,-1.65542
1.83338,1.40383,-0.799203,-1.70225
1.81891,1.42587,-0.831604,-1.75112
1.80239,1.44813,-0.866828,-1.80198
1.78357,1.47064,-0.904924,-1.8547
1.76215,1.49339,-0.945962,-1.90917
1.73777,1.51639,-0.990028,-1.96522
1.71001,1.53966,-1.03724,-2.02262
1.67834,1.56316,-1.08774,-2.08109
1.64208,1.58688,-1.14174,-2.14021
1.6004,1.61072,-1.19946,-2.19941
1.55219,1.63452,-1.26123,-2.25784
1.49598,1.65791,-1.32742,-2.31422
1.42987,1.68019,-1.39838,-2.36654
1.35157,1.69985,-1.4742,-2.41159
1.25911,1.71392,-1.55391,-2.4445
1.15338,1.71746,-1.63393,-2.45965
1.0407,1.70562,-1.70791,-2.45482
0.929435,1.67775,-1.77092,-2.43427
0.82407,1.63705,-1.82234,-2.40463
0.725236,1.5872,-1.86388,-2.37084
0.632101,1.53096,-1.89748,-2.33572
0.543592,1.47015,-1.92471,-2.30085
0.458751,1.40602,-1.94668,-2.26711
0.376796,1.33942,-1.96419,-2.23503
0.297102,1.27097,-1.97781,-2.20492
0.219169,1.20114,-1.98795,-2.17698
0.142602,1.13029,-1.99491,-2.15135
0.0670903,1.05871,-1.99887,-2.1281
-0.00760618,0.986621,-1.99999,-2.10728
-0.0816619,0.914226,-1.99833,-2.08893
-0.155193,0.841675,-1.99397,-2.07306
-0.228257,0.769092,-1.98693,-2.05969
-0.30086,0.696574,-1.97724,-2.04882
-0.372952,0.62419,-1.96492,-2.04047
-0.444432,0.551981,-1.94999,-2.03463
-0.515147,0.479962,-1.93252,-2.0313
-0.584901,0.40812,-1.91256,-2.03049
-0.653454,0.336418,-1.89024,-2.0322
-0.720532,0.264788,-1.8657,-2.03642
-0.785832,0.193142,-1.83915,-2.04313
-0.849036,0.121369,-1.81084,-2.05232
-0.909818,0.0493409,-1.78108,-2.06395
-0.967853,-0.0230826,-1.75022,-2.07795
-1.02283,-0.0960483,-1.71867,-2.09427
-1.07446,-0.169704,-1.68687,-2.1128
-1.12248,-0.244193,-1.65531,-2.13344
-1.16666,-0.319647,-1.62447,-2.15605
-1.20679,-0.396183,-1.59489,-2.18048
-1.2427,-0.473902,-1.56706,-2.20655
-1.27425,-0.552882,-1.54152,-2.23407
-1.30129,-0.633182,-1.51876,-2.26282
-1.3237,-0.714838,-1.49928,-2.29256
-1.3413,-0.797864,-1.48355,-2.323
-1.35391,-0.882254,-1.47204,-2.35382
-1.36128,-0.967977,-1.46524,-2.38465
-1.36303,-1.05497,-1.46361,-2.41498
-1.35865,-1.14313,-1.46767,-2.44417
-1.34742,-1.23227,-1.47799,-2.47134
-1.32829,-1.32205,-1.49521,-2.49519
-1.29984,-1.41183,-1.52,-2.51371
-1.26023,-1.50027,-1.55301,-2.52377
-1.20775,-1.58461,-1.59416,-2.52043
-1.14297,-1.65967,-1.64122,-2.49739
-1.07204,-1.71898,-1.68841,-2.45095
-1.00448,-1.75974,-1.72946,-2.38488
-0.946013,-1.78446,-1.76212,-2.3071
-0.897514,-1.79719,-1.78731,-2.22386
-0.857936,-1.80117,-1.80664,-2.13877
-0.82593,-1.79857,-1.82149,-2.05382
-0.800311,-1.79085,-1.83289,-1.97013
-0.780117,-1.77902,-1.84158,-1.88834
-0.764574,-1.76381,-1.84809,-1.80889
-0.753053,-1.74573,-1.85281,-1.73205
-0.745032,-1.72522,-1.85605,-1.65799
-0.740067,-1.7026,-1.85804,-1.58686
-0.737776,-1.67813,-1.85895,-1.51874
-0.737822,-1.65204,-1.85893,-1.45371
-0.739902,-1.62453,-1.8581,-1.3918
-0.743743,-1.59576,-1.85657,-1.33306
-0.749091,-1.56589,-1.85442,-1.27749
-0.755714,-1.53504,-1.85173,-1.22511
-0.763391,-1.50334,-1.84858,-1.17592
-0.771917,-1.4709,-1.84503,-1.12989
-0.781096,-1.43781,-1.84117,-1.08703
-0.790745,-1.40418,-1.83704,-1.04729
-0.800686,-1.37007,-1.83273,-1.01066
-0.810755,-1.33558,-1.8283,-0.977088
-0.82079,-1.30076,-1.82382,-0.946533
-0.830641,-1.26569,-1.81935,-0.918946
-0.840164,-1.23042,-1.81497,-0.894268
-0.849221,-1.19501,-1.81075,-0.872439
-0.857682,-1.15949,-1.80676,-0.85339
-0.865425,-1.1239,-1.80306,-0.837046
-0.872331,-1.08828,-1.79973,-0.823328
-0.878291,-1.05265,-1.79683,-0.812149
-0.883202,-1.01702,-1.79442,-0.803418
-0.886966,-0.981422,-1.79257,-0.797036
-0.889495,-0.945843,-1.79131,-0.792901
-0.890705,-0.910284,-1.79071,-0.790902
-0.890523,-0.874733,-1.7908,-0.790926
-0.888884,-0.839172,-1.79162,-0.792852
-0.885732,-0.803575,-1.79318,-0.796556
-0.881023,-0.767907,-1.79549,-0.801912
-0.874725,-0.732128,-1.79857,-0.80879
-0.866817,-0.696188,-1.8024,-0.81706
-0.857295,-0.660034,-1.80694,-0.826593
-0.84617,-0.623604,-1.81218,-0.837262
-0.83347,-0.586836,-1.81806,-0.848947
-0.819239,-0.54966,-1.82451,-0.861535
-0.803542,-0.512008,-1.83148,-0.87492
-0.786458,-0.473809,-1.83888,-0.889013
-0.768087,-0.434994,-1.84663,-0.903736
-0.748544,-0.395498,-1.85464,-0.919032
-0.727957,-0.355261,-1.86281,-0.934861
-0.706468,-0.314226,-1.87107,-0.951208
-0.684225,-0.272349,-1.87932,-0.968078
-0.661382,-0.229593,-1.88748,-0.985503
-0.638091,-0.185933,-1.89548,-1.00354
-0.614499,-0.141358,-1.90326,-1.02227
-0.590741,-0.0958682,-1.91077,-1.0418
-0.566933,-0.0494812,-1.91796,-1.06225
-0.543172,-0.00222774,-1.92483,-1.08377
-0.519528,0.0458469,-1.93134,-1.10651
-0.496042,0.094684,-1.93751,-1.13064
-0.472725,0.144212,-1.94333,-1.15632
-0.44956,0.194351,-1.94882,-1.18372
-0.4265,0.24501,-1.954,-1.213
-0.403473,0.296093,-1.95888,-1.24431
-0.380385,0.347499,-1.96349,-1.27779
-0.357119,0.399124,-1.96786,-1.31357
-0.333546,0.45086,-1.97199,-1.35174
-0.309519,0.502601,-1.9759,-1.39241
-0.284881,0.554237,-1.97961,-1.43566
-0.259465,0.605659,-1.9831,-1.48154
-0.233091,0.656755,-1.98637,-1.53011
-0.205568,0.707412,-1.98941,-1.5814
-0.176696,0.75751,-1.99218,-1.63544
-0.146255,0.806926,-1.99465,-1.69225
-0.114011,0.855526,-1.99675,-1.7518
-0.0797039,0.903165,-1.99841,-1.8141
-0.0430439,0.949679,-1.99954,-1.87911
-0.00370153,0.994881,-2,-1.94678
0.0387053,1.03855,-1.99963,-2.01702
0.0846289,1.08043,-1.99821,-2.08973
0.134617,1.12019,-1.99546,-2.16474
0.18935,1.15739,-1.99102,-2.2418
0.249694,1.19149,-1.98435,-2.32054
0.316782,1.22168,-1.97475,-2.40037
0.392122,1.24683,-1.96118,-2.48029
0.477732,1.26518,-1.94211,-2.55849
0.5761,1.27392,-1.91523,-2.63151
0.689112,1.26879,-1.87753,-2.69237
0.813455,1.24522,-1.8271,-2.72909
0.935085,1.20392,-1.76794,-2.73113
1.03972,1.15283,-1.70851,-2.70209
1.12477,1.09891,-1.65375,-2.65342
1.19354,1.04516,-1.60482,-2.59376
1.24958,0.992632,-1.56159,-2.52802
1.29554,0.941612,-1.52367,-2.45894
1.33332,0.892162,-1.49072,-2.38815
1.36424,0.844272,-1.46248,-2.31666
1.38926,0.79791,-1.43873,-2.24514
1.40908,0.753052,-1.41933,-2.17407
1.42421,0.709687,-1.40415,-2.10377
1.43502,0.667816,-1.3931,-2.0345
1.4418,0.627455,-1.38608,-1.96647
1.44473,0.588632,-1.38303,-1.89984
1.44395,0.551386,-1.38384,-1.83476
1.43954,0.515764,-1.38843,-1.77136
1.43154,0.481817,-1.39667,-1.70977
1.41996,0.4496,-1.40844,-1.6501
1.40479,0.419163,-1.42357,-1.59249
1.38601,0.390553,-1.44187,-1.53707
1.36358,0.363802,-1.46309,-1.48397
1.33749,0.338928,-1.48699,-1.43334
1.30771,0.315925,-1.51324,-1.3853
1.27424,0.294762,-1.54153,-1.34
1.23713,0.275377,-1.57146,-1.29756
1.19644,0.257675,-1.60266,-1.2581
1.15226,0.241527,-1.63472,-1.22172
1.10472,0.226773,-1.66721,-1.18846
1.05401,0.213224,-1.69973,-1.15835
1.00031,0.200674,-1.73187,-1.13139
0.943866,0.188899,-1.76327,-1.10751
0.884906,0.177678,-1.79358,-1.0866
0.823686,0.166795,-1.82251,-1.06852
0.760454,0.156053,-1.84979,-1.05311
0.695454,0.145279,-1.87519,-1.04014
0.628916,0.134333,-1.89854,-1.02941
0.561053,0.12311,-1.91969,-1.02069
0.492058,0.11154,-1.93852,-1.01375
0.422109,0.0995907,-1.95495,-1.00839
0.351363,0.0872616,-1.96889,-1.0044
0.279965,0.0745815,-1.98031,-1.00163
0.208043,0.0616038,-1.98915,-0.99993
0.13572,0.048401,-1.99539,-0.999209
0.063111,0.0350591,-1.999,-0.999398
-0.0096718,0.0216718,-1.99998,-1.00047
-0.0825147,0.00833471,-1.9983,-1.00243
-0.1553,-0.00486115,-1.99396,-1.00534
-0.2279,-0.0178348,-1.98697,-1.00929
-0.300179,-0.0305217,-1.97734,-1.01439
-0.371984,-0.0428791,-1.9651,-1.02081
-0.443144,-0.0548917,-1.95029,-1.02873
-0.513469,-0.0665763,-1.93296,-1.03838
-0.582745,-0.0779849,-1.91322,-1.04996
-0.650738,-0.0892071,-1.89117,-1.06372
-0.717192,-0.100369,-1.86699,-1.07988
-0.781836,-0.111633,-1.84085,-1.09867
-0.844384,-0.123189,-1.81301,-1.12028
-0.90455,-0.13525,-1.78376,-1.14487
-0.96205,-0.148041,-1.75341,-1.17256
-1.01662,-0.161791,-1.72235,-1.20343
-1.068,-0.176721,-1.69097,-1.23752
-1.116,-0.193032,-1.65968,-1.27481
-1.16043,-0.210902,-1.62893,-1.31524
-1.20115,-0.230478,-1.59914,-1.35874
-1.23807,-0.251871,-1.57072,-1.40518
-1.27114,-0.275162,-1.54409,-1.45445
-1.30031,-0.300396,-1.5196,-1.50639
-1.32559,-0.327591,-1.4976,-1.56085
-1.34699,-0.356742,-1.47838,-1.61769
-1.36453,-0.387822,-1.46221,-1.67676
-1.37824,-0.420792,-1.4493,-1.73792
-1.38811,-0.455606,-1.43985,-1.80101
-1.39413,-0.492212,-1.43401,-1.86592
-1.39627,-0.530561,-1.43194,-1.93249
-1.39443,-0.570607,-1.43373,-2.00058
-1.38848,-0.612313,-1.43949,-2.07002
-1.37821,-0.655652,-1.44932,-2.14063
-1.36333,-0.700613,-1.46333,-2.21219
-1.34344,-0.747197,-1.48161,-2.28441
-1.31798,-0.795423,-1.50431,-2.35691
-1.28618,-0.845323,-1.53158,-2.42916
-1.24699,-0.896935,-1.56366,-2.50039
-1.19891,-0.950276,-1.60081,-2.56941
-1.13984,-1.00527,-1.6434,-2.6343
-1.06679,-1.06151,-1.69174,-2.69172
-0.975967,-1.11763,-1.74571,-2.73562
-0.865082,-1.16959,-1.80323,-2.75574
-0.740683,-1.20933,-1.85779,-2.74118
-0.619593,-1.2304,-1.90161,-2.69339
-0.512595,-1.2344,-1.9332,-2.62529
-0.420372,-1.22611,-1.95532,-2.5476
-0.340451,-1.20926,-1.97081,-2.46596
-0.270396,-1.18621,-1.98164,-2.38324
-0.208328,-1.15847,-1.98912,-2.30093
-0.152856,-1.12705,-1.99415,-2.21988
-0.102936,-1.09262,-1.99735,-2.14064
-0.0577659,-1.05569,-1.99917,-2.06352
-0.0167148,-1.01665,-1.99993,-1.98876
0.0207261,-0.975792,-1.99989,-1.91651
0.0549772,-0.93335,-1.99924,-1.8469
0.086393,-0.889526,-1.99813,-1.78
0.115278,-0.844485,-1.99667,-1.71587
0.141901,-0.798375,-1.99496,-1.65455
0.166498,-0.751323,-1.99306,-1.59606
0.189287,-0.703447,-1.99102,-1.54044
0.210464,-0.654854,-1.9889,-1.48767
0.230214,-0.605645,-1.98671,-1.43776
0.248708,-0.555917,-1.98448,-1.39069
0.266109,-0.505761,-1.98222,-1.34644
0.282571,-0.455266,-1.97994,-1.30496
0.298236,-0.404521,-1.97764,-1.26621
0.313239,-0.353611,-1.97532,-1.23013
0.327704,-0.302616,-1.97297,-1.19663
0.341739,-0.251617,-1.97059,-1.16565
0.355439,-0.200688,-1.96816,-1.13706
0.368878,-0.149895,-1.96569,-1.11078
0.382107,-0.0992986,-1.96316,-1.08666
0.395155,-0.0489475,-1.96057,-1.0646
0.408022,0.00112148,-1.95794,-1.04446
0.420683,0.0508851,-1.95526,-1.02614
0.433088,0.100335,-1.95255,-1.00953
0.445165,0.149475,-1.94983,-0.994544
0.456828,0.198326,-1.94713,-0.981118
0.467979,0.246916,-1.94448,-0.969219
0.478522,0.295284,-1.94191,-0.958842
0.488364,0.343475,-1.93946,-0.950011
0.497425,0.391533,-1.93715,-0.942777
0.505641,0.439502,-1.93503,-0.937216
0.512971,0.487422,-1.9331,-0.933422
0.519398,0.535325,-1.93138,-0.931506
0.524927,0.583235,-1.92988,-0.931585
0.529586,0.631167,-1.92861,-0.933783
0.533425,0.679124,-1.92755,-0.938223
0.536513,0.727101,-1.92669,-0.945025
0.538934,0.775082,-1.92602,-0.954302
0.540786,0.823042,-1.9255,-0.966161
0.542179,0.870948,-1.92511,-0.980698
0.543232,0.918762,-1.92481,-0.998001
0.54407,0.966435,-1.92457,-1.01815
0.544827,1.01391,-1.92436,-1.04121
0.545642,1.06114,-1.92413,-1.06724
0.546659,1.10806,-1.92384,-1.09629
0.548026,1.15459,-1.92345,-1.12841
0.549898,1.20066,-1.92292,-1.16363
0.552434,1.24619,-1.92219,-1.20198
0.555802,1.2911,-1.92122,-1.24347
0.560177,1.33529,-1.91995,-1.28812
0.56574,1.37866,-1.91832,-1.33594
0.572689,1.4211,-1.91625,-1.38692
0.581231,1.4625,-1.91368,-1.44106
0.591594,1.5027,-1.9105,-1.49833
0.604027,1.54156,-1.90661,-1.55871
0.618808,1.57889,-1.90186,-1.62215
0.63625,1.61449,-1.8961,-1.6886
0.656717,1.64808,-1.88911,-1.75797
0.680635,1.67936,-1.88062,-1.83013
0.708517,1.70792,-1.87029,-1.90493
0.740993,1.73322,-1.85767,-1.98211
0.778849,1.75454,-1.84212,-2.06127
0.823087,1.77084,-1.82278,-2.14177
0.874974,1.7806,-1.79845,-2.22252
0.936003,1.78145,-1.76746,-2.30151
1.00742,1.76978,-1.72774,-2.3749
1.08834,1.74082,-1.67795,-2.43576
1.17218,1.69145,-1.6205,-2.4751
1.24803,1.62497,-1.56282,-2.48906
1.30975,1.54882,-1.51147,-2.48248
1.35756,1.46856,-1.46868,-2.4625
1.39378,1.38701,-1.43436,-2.43434
1.42059,1.30546,-1.40781,-2.40116
1.43961,1.22452,-1.38835,-2.36494
1.45201,1.14451,-1.37538,-2.32692
1.45859,1.06561,-1.3684,-2.28795
1.45991,0.987924,-1.36699,-2.2486
1.45635,0.911528,-1.37078,-2.20934
1.44818,0.836475,-1.37941,-2.1705
1.43558,0.762801,-1.39252,-2.13237
1.41866,0.69053,-1.40975,-2.09519
1.3975,0.619665,-1.43073,-2.05919
1.37217,0.550196,-1.45504,-2.02456
1.34272,0.482087,-1.48226,-1.99149
1.30922,0.415283,-1.51194,-1.96013
1.27175,0.349703,-1.54359,-1.93067
1.23043,0.285239,-1.57672,-1.90323
1.18542,0.221761,-1.61083,-1.87795
1.13692,0.159117,-1.64542,-1.85494
1.08516,0.0971364,-1.68001,-1.83428
1.03043,0.0356372,-1.71412,-1.81605
0.97303,-0.025568,-1.74734,-1.80028
0.913305,-0.086665,-1.77929,-1.787
0.851611,-0.147831,-1.80963,-1.77623
0.78831,-0.209227,-1.83809,-1.76795
0.723758,-0.270994,-1.86445,-1.76214
0.658295,-0.333248,-1.88856,-1.75878
0.592234,-0.396076,-1.9103,-1.75784
0.525852,-0.459536,-1.92963,-1.75931
0.459387,-0.523658,-1.94653,-1.76316
0.393028,-0.588443,-1.961,-1.76939
0.326917,-0.653866,-1.9731,-1.778
0.261145,-0.719878,-1.98288,-1.78899
0.195756,-0.786408,-1.9904,-1.80237
0.130746,-0.853367,-1.99572,-1.81818
0.0660644,-0.920647,-1.99891,-1.83642
0.00162047,-0.988122,-2,-1.85714
-0.0627187,-1.05565,-1.99902,-1.88034
-0.127126,-1.12308,-1.99596,-1.90606
-0.191812,-1.19022,-1.99078,-1.9343
-0.257033,-1.25686,-1.98341,-1.96507
-0.323087,-1.32278,-1.97373,-1.99835
-0.39033,-1.38769,-1.96154,-2.0341
-0.459181,-1.45125,-1.94657,-2.07225
-0.530145,-1.51303,-1.92846,-2.11267
-0.603833,-1.57247,-1.90667,-2.15514
-0.681001,-1.62882,-1.88049,-2.1993
-0.762586,-1.681,-1.84891,-2.24454
-0.849723,-1.72741,-1.81052,-2.28975
-0.943621,-1.76562,-1.7634,-2.33289
-1.04491,-1.79194,-1.70533,-2.37013
-1.15161,-1.80181,-1.63518,-2.39494
-1.25649,-1.79282,-1.55603,-2.40004
-1.35038,-1.76846,-1.47528,-2.3837
-1.42945,-1.73515,-1.39881,-2.35094
-1.49491,-1.6976,-1.32863,-2.30787
-1.54932,-1.65821,-1.26476,-2.25881
-1.59495,-1.61815,-1.2067,-2.20643
-1.63354,-1.57797,-1.15393,-2.15239
-1.66635,-1.53795,-1.10602,-2.09774
-1.69436,-1.49824,-1.06261,-2.04319
-1.7183,-1.4589,-1.02345,-1.98922
-1.73873,-1.41999,-0.988342,-1.93618
-1.7561,-1.38151,-0.957134,-1.88432
-1.77077,-1.34349,-0.929713,-1.83383
-1.78302,-1.30594,-0.905993,-1.78485
-1.79309,-1.26886,-0.885907,-1.73749
-1.80115,-1.23228,-0.869403,-1.69183
-1.80735,-1.19619,-0.856437,-1.64794
-1.81181,-1.16062,-0.846971,-1.60589
-1.8146,-1.12559,-0.840969,-1.56572
-1.81579,-1.0911,-0.838391,-1.52746
-1.81542,-1.05718,-0.839195,-1.49117
-1.8135,-1.02384,-0.843329,-1.45687
-1.81004,-0.991107,-0.850731,-1.42462
-1.80503,-0.958978,-0.861324,-1.39443
-1.79843,-0.92746,-0.875018,-1.36636
-1.79021,-0.896551,-0.891703,-1.34044
-1.78034,-0.866236,-0.911253,-1.31673
-1.76877,-0.83649,-0.93352,-1.29526
-1.75545,-0.807273,-0.958335,-1.27609
-1.74034,-0.778533,-0.985512,-1.25926
-1.7234,-0.750197,-1.01484,-1.24481
-1.7046,-0.722179,-1.04611,-1.23278
-1.68393,-0.694375,-1.07906,-1.22322
-1.66138,-0.666666,-1.11347,-1.21613
-1.63697,-0.638921,-1.14906,-1.21156
-1.61071,-0.610994,-1.18559,-1.20949
-1.58265,-0.582736,-1.22279,-1.20993
-1.55286,-0.553992,-1.26041,-1.21286
-1.52141,-0.524609,-1.2982,-1.21826
-1.48839,-0.494436,-1.33593,-1.2261
-1.4539,-0.463335,-1.37338,-1.23633
-1.41806,-0.431177,-1.41036,-1.24892
-1.38099,-0.397854,-1.44667,-1.26382
-1.34283,-0.363275,-1.48216,-1.28098
-1.30369,-0.32737,-1.5167,-1.30037
-1.2637,-0.290095,-1.55018,-1.32196
-1.22299,-0.251428,-1.58249,-1.34572
-1.18166,-0.211372,-1.61359,-1.37164
-1.1398,-0.169952,-1.64343,-1.39973
-1.09749,-0.127217,-1.67198,-1.42998
-1.05479,-0.0832332,-1.69924,-1.46242
-1.01171,-0.0380868,-1.72524,-1.49708
-0.968274,0.0081221,-1.74998,-1.534
-0.924448,0.0552801,-1.77353,-1.5732
-0.880187,0.103264,-1.7959,-1.61473
-0.835413,0.151941,-1.81716,-1.65863
-0.790024,0.201172,-1.83735,-1.70495
-0.743888,0.250814,-1.85651,-1.75371
-0.69685,0.300716,-1.87467,-1.80494
-0.648726,0.350723,-1.89187,-1.85866
-0.599303,0.400674,-1.9081,-1.91488
-0.548338,0.450399,-1.92336,-1.97361
-0.495551,0.499717,-1.93763,-2.03481
-0.440619,0.548431,-1.95086,-2.09844
-0.383166,0.596322,-1.96295,-2.16446
-0.322748,0.64314,-1.97379,-2.23275
-0.258833,0.688591,-1.98318,-2.30316
-0.190766,0.732313,-1.99088,-2.37549
-0.117726,0.773851,-1.99653,-2.4494
-0.0386558,0.8126,-1.99963,-2.52438
0.047844,0.847723,-1.99943,-2.59959
0.143652,0.877997,-1.99483,-2.67361
0.25125,0.901568,-1.98416,-2.74382
0.373423,0.915599,-1.96483,-2.80509
0.510885,0.916411,-1.93365,-2.84773
0.655508,0.902363,-1.88953,-2.85858
0.790017,0.87831,-1.83735,-2.83345
0.904605,0.851337,-1.78373,-2.78231
1.00025,0.825054,-1.7319,-2.71644
1.08079,0.800499,-1.68282,-2.64274
1.14952,0.777802,-1.63665,-2.565
1.20885,0.756842,-1.59332,-2.48534
1.26053,0.737449,-1.55276,-2.40505
1.3058,0.719462,-1.51489,-2.32495
1.34562,0.702741,-1.47963,-2.2456
1.38071,0.68717,-1.44694,-2.16737
1.41163,0.672654,-1.4168,-2.09053
1.43883,0.659116,-1.38917,-2.01531
1.46267,0.646494,-1.36404,-1.94184
1.48345,0.63474,-1.34141,-1.87026
1.50142,0.623818,-1.32127,-1.80066
1.51676,0.6137,-1.30362,-1.73312
1.52966,0.604367,-1.28846,-1.66771
1.54025,0.595807,-1.27579,-1.60448
1.54863,0.588013,-1.2656,-1.54348
1.55491,0.580984,-1.25788,-1.48476
1.55915,0.574719,-1.25261,-1.42837
1.56143,0.569221,-1.24977,-1.37433
1.5618,0.564492,-1.24932,-1.3227
1.56028,0.560532,-1.25121,-1.27352
1.55693,0.557336,-1.25538,-1.22681
1.55176,0.554895,-1.26176,-1.18263
1.5448,0.55319,-1.27027,-1.141
1.53607,0.552195,-1.28081,-1.10197
1.5256,0.551871,-1.29327,-1.06556
1.5134,0.552166,-1.30752,-1.03179
1.4995,0.553016,-1.32345,-1.00069
1.48391,0.554344,-1.3409,-0.972242
1.46666,0.556062,-1.35975,-0.94645
1.44776,0.55807,-1.37985,-0.923289
1.42724,0.560262,-1.40106,-0.902721
1.40511,0.562526,-1.42326,-0.884694
1.38138,0.56475,-1.4463,-0.86914
1.35606,0.566823,-1.47007,-0.855978
1.32913,0.568639,-1.49446,-0.845114
1.30061,0.570099,-1.51935,-0.836446
1.27047,0.571116,-1.54464,-0.829862
1.23868,0.571615,-1.57024,-0.825247
1.20524,0.571534,-1.59606,-0.822482
1.1701,0.570826,-1.622,-0.821451
1.13322,0.569457,-1.64797,-0.822036
1.09458,0.56741,-1.67389,-0.824126
1.05413,0.564682,-1.69965,-0.827618
1.01183,0.561284,-1.72517,-0.832414
0.967654,0.557239,-1.75033,-0.838428
0.92156,0.552586,-1.77503,-0.845589
0.873525,0.547372,-1.79915,-0.853837
0.823529,0.541656,-1.82258,-0.863129
0.771563,0.535505,-1.84518,-0.873441
0.717629,0.528994,-1.86682,-0.88477
0.661748,0.522201,-1.88735,-0.897134
0.603955,0.515208,-1.90663,-0.910576
0.54431,0.508093,-1.92451,-0.925163
0.482897,0.500932,-1.94083,-0.94099
0.419832,0.49379,-1.95544,-0.958178
0.355259,0.48672,-1.96819,-0.976874
0.289364,0.479758,-1.97896,-0.997249
0.222367,0.472916,-1.9876,-1.0195
0.154534,0.46618,-1.99402,-1.04382
0.0861685,0.459507,-1.99814,-1.07045
0.017615,0.452824,-1.99992,-1.09959
-0.0507457,0.446024,-1.99936,-1.13147
-0.118503,0.43897,-1.99649,-1.16629
-0.185222,0.4315,-1.9914,-1.20422
-0.250458,0.423428,-1.98426,-1.24542
-0.31376,0.414553,-1.97524,-1.28999
-0.37469,0.404669,-1.96459,-1.33801
-0.432824,0.393565,-1.9526,-1.38951
-0.48777,0.381042,-1.93961,-1.44447
-0.539166,0.36691,-1.92595,-1.50284
-0.586691,0.351001,-1.91201,-1.56454
-0.63006,0.333163,-1.89816,-1.62946
-0.669025,0.313271,-1.88478,-1.69745
-0.70337,0.291219,-1.87224,-1.76835
-0.732902,0.266919,-1.86087,-1.84198
-0.757442,0.240302,-1.85102,-1.91816
-0.776811,0.211307,-1.84298,-1.99667
-0.790819,0.17988,-1.83701,-2.07731
-0.799243,0.145966,-1.83336,-2.15983
-0.801809,0.109502,-1.83224,-2.24396
-0.798162,0.0704071,-1.83383,-2.3294
-0.787833,0.0285732,-1.83829,-2.41577
-0.770186,-0.0161489,-1.84576,-2.50259
-0.744343,-0.0639661,-1.85633,-2.58919
-0.709073,-0.115165,-1.87008,-2.67462
-0.662619,-0.170137,-1.88704,-2.75737
-0.602457,-0.229384,-1.9071,-2.83491
-0.525104,-0.293415,-1.92984,-2.90263
-0.426907,-0.362111,-1.95391,-2.9518
-0.309245,-0.432569,-1.97595,-2.96831
-0.187488,-0.497295,-1.99119,-2.94199
-0.0805002,-0.55045,-1.99838,-2.88107
0.00649466,-0.59242,-1.99999,-2.8008
0.0760458,-0.625651,-1.99855,-2.71103
0.131537,-0.652165,-1.99567,-2.61681
0.175595,-0.673332,-1.99228,-2.52079
0.210098,-0.690069,-1.98893,-2.42448
0.236391,-0.703005,-1.98598,-2.32881
0.255455,-0.712585,-1.98362,-2.23441
0.268022,-0.719134,-1.98196,-2.14172
0.274652,-0.722894,-1.98105,-2.05107
0.275784,-0.724051,-1.98089,-1.96274
0.271771,-0.722754,-1.98145,-1.87695
0.262902,-0.719123,-1.98265,-1.7939
0.249427,-0.713262,-1.98439,-1.71378
0.231565,-0.705263,-1.98655,-1.63676
0.209517,-0.69521,-1.989,-1.563
0.183476,-0.683189,-1.99157,-1.49268
0.153634,-0.669285,-1.99409,-1.42593
0.120187,-0.653589,-1.99639,-1.36293
0.0833406,-0.636196,-1.99826,-1.30381
0.043311,-0.617214,-1.99953,-1.24873
0.000330665,-0.596755,-2,-1.19782
-0.0453519,-0.574946,-1.99949,-1.15123
-0.0934714,-0.551921,-1.99781,-1.10909
-0.143746,-0.527826,-1.99483,-1.07153
-0.195877,-0.502819,-1.99038,-1.03866
-0.24955,-0.477068,-1.98437,-1.0106
-0.304439,-0.450753,-1.97669,-0.987455
-0.3602,-0.424065,-1.9673,-0.969338
-0.416478,-0.397211,-1.95616,-0.956342
-0.472903,-0.37041,-1.94329,-0.948553
-0.529092,-0.343897,-1.92875,-0.946044
-0.58465,-0.317919,-1.91264,-0.948867
-0.639174,-0.292731,-1.89511,-0.957043
-0.692262,-0.268592,-1.87637,-0.970556
-0.74352,-0.245753,-1.85666,-0.989347
-0.792573,-0.224448,-1.83625,-1.01331
-0.83908,-0.204885,-1.81547,-1.0423
-0.88274,-0.187238,-1.79465,-1.07613
-0.923301,-0.171641,-1.77412,-1.11457
-0.960559,-0.158189,-1.75423,-1.1574
-0.994363,-0.14694,-1.73529,-1.20437
-1.0246,-0.137916,-1.71761,-1.25524
-1.05121,-0.131111,-1.70146,-1.30977
-1.07413,-0.126497,-1.68708,-1.36773
-1.09336,-0.124031,-1.67468,-1.42892
-1.10887,-0.123658,-1.66445,-1.49313
-1.12067,-0.125318,-1.65653,-1.56021
-1.12873,-0.128953,-1.65105,-1.62997
-1.13304,-0.134505,-1.6481,-1.70228
-1.13354,-0.141925,-1.64775,-1.77699
-1.13017,-0.151174,-1.65007,-1.85395
-1.12281,-0.162224,-1.65508,-1.93305
-1.11133,-0.175066,-1.66281,-2.01412
-1.0955,-0.189706,-1.67329,-2.09701
-1.07504,-0.206177,-1.6865,-2.18155
-1.04959,-0.224536,-1.70246,-2.26751
-1.01865,-0.244875,-1.72115,-2.35461
-0.981563,-0.267327,-1.74257,-2.44247
-0.937447,-0.292079,-1.76669,-2.53056
-0.88509,-0.319386,-1.79349,-2.6181
-0.822797,-0.349591,-1.82291,-2.70386
-0.748151,-0.383133,-1.8548,-2.7858
-0.657732,-0.420483,-1.88875,-2.8602
-0.547276,-0.461746,-1.92367,-2.92
-0.414848,-0.505082,-1.9565,-2.95242
-0.27062,-0.544102,-1.98161,-2.94348
-0.135661,-0.571664,-1.99539,-2.89534
-0.0201334,-0.587118,-1.9999,-2.82363
0.0772785,-0.593224,-1.99851,-2.74041
0.160224,-0.592467,-1.99357,-2.65195
0.231736,-0.586528,-1.98653,-2.56137
0.294009,-0.576513,-1.97827,-2.4704
0.348619,-0.563174,-1.96938,-2.38003
0.396716,-0.547043,-1.96026,-2.29089
0.439166,-0.528505,-1.95119,-2.20341
0.476631,-0.507851,-1.94238,-2.11786
0.509634,-0.485303,-1.93398,-2.03448
0.53859,-0.461037,-1.92612,-1.95341
0.563837,-0.435191,-1.91888,-1.87481
0.585654,-0.407877,-1.91233,-1.79876
0.604272,-0.379183,-1.90653,-1.72538
0.619887,-0.349184,-1.90151,-1.65473
0.632667,-0.31794,-1.8973,-1.5869
0.642755,-0.2855,-1.8939,-1.52196
0.650278,-0.251905,-1.89133,-1.45998
0.655351,-0.21719,-1.88958,-1.40104
0.658075,-0.181382,-1.88863,-1.34521
0.658551,-0.144509,-1.88847,-1.29257
0.656871,-0.106593,-1.88905,-1.2432
0.653133,-0.0676595,-1.89035,-1.1972
0.647437,-0.027735,-1.89231,-1.15465
0.639891,0.0131494,-1.89487,-1.11564
0.630616,0.0549553,-1.89798,-1.08029
0.619743,0.0976353,-1.90156,-1.04868
0.607422,0.14113,-1.90553,-1.0209
0.593816,0.18537,-1.90981,-0.99703
0.579101,0.23027,-1.91433,-0.97714
0.563462,0.275738,-1.91899,-0.961274
0.547088,0.321671,-1.92372,-0.949457
0.530167,0.367964,-1.92845,-0.941694
0.512881,0.41451,-1.93312,-0.93797
0.495404,0.461206,-1.93767,-0.938257
0.477897,0.507953,-1.94206,-0.942516
0.460513,0.554658,-1.94626,-0.950701
0.443397,0.601233,-1.95023,-0.962765
0.426687,0.647595,-1.95395,-0.97866
0.410517,0.693667,-1.95742,-0.99834
0.395019,0.739372,-1.9606,-1.02176
0.380324,0.784637,-1.96351,-1.04888
0.366567,0.829388,-1.96612,-1.07967
0.353881,0.873553,-1.96844,-1.11408
0.342407,0.917056,-1.97047,-1.15207
0.332286,0.959822,-1.9722,-1.19362
0.323666,1.00177,-1.97364,-1.23867
0.316701,1.04282,-1.97477,-1.2872
0.311552,1.08289,-1.97558,-1.33916
0.30839,1.12188,-1.97608,-1.39451
0.307395,1.1597,-1.97624,-1.45319
0.308763,1.19624,-1.97602,-1.51517
0.312707,1.23137,-1.9754,-1.58036
0.319462,1.26497,-1.97432,-1.64872
0.329293,1.29688,-1.97271,-1.72016
0.342502,1.32692,-1.97045,-1.79458
0.359443,1.35487,-1.96743,-1.87187
0.380535,1.38047,-1.96346,-1.95189
0.406286,1.40338,-1.9583,-2.03442
0.437331,1.42318,-1.9516,-2.11922
0.474474,1.43928,-1.9429,-2.20586
0.518766,1.45086,-1.93155,-2.29376
0.571593,1.45674,-1.91658,-2.3819
0.634772,1.45509,-1.89659,-2.4685
0.71045,1.44307,-1.86956,-2.5502
0.799994,1.41643,-1.83303,-2.62044
0.899898,1.37078,-1.78611,-2.66831
0.99756,1.30689,-1.73346,-2.68441
1.08037,1.23238,-1.68309,-2.67147
1.14558,1.15424,-1.63941,-2.63937
1.19571,1.07581,-1.60321,-2.59599
1.23375,0.998406,-1.57412,-2.54603
1.26198,0.922502,-1.55158,-2.49219
1.28201,0.848284,-1.53507,-2.43611
1.29497,0.775825,-1.52416,-2.37885
1.30162,0.705156,-1.51848,-2.32111
1.30253,0.636296,-1.5177,-2.26344
1.29808,0.569259,-1.52151,-2.20621
1.28853,0.504056,-1.5296,-2.14976
1.27408,0.440693,-1.54166,-2.09435
1.25486,0.37917,-1.55735,-2.04022
1.23098,0.319471,-1.57629,-1.98758
1.20252,0.261567,-1.5981,-1.93663
1.1696,0.205404,-1.62236,-1.88755
1.13232,0.150905,-1.64859,-1.84051
1.09082,0.0979626,-1.67634,-1.79567
1.04529,0.0464419,-1.7051,-1.75315
0.995951,-0.00382149,-1.73438,-1.71307
0.943086,-0.0530181,-1.76369,-1.6755
0.887016,-0.10136,-1.79254,-1.64052
0.82811,-0.149076,-1.8205,-1.60812
0.766776,-0.196401,-1.84717,-1.57831
0.70345,-0.243571,-1.87221,-1.55104
0.638587,-0.290813,-1.89531,-1.52624
0.572648,-0.338338,-1.91627,-1.50383
0.506085,-0.386333,-1.93491,-1.4837
0.439336,-0.434959,-1.95115,-1.46575
0.372806,-0.484346,-1.96495,-1.44988
0.306866,-0.534593,-1.97632,-1.436
0.241839,-0.585767,-1.98532,-1.42401
0.178,-0.637905,-1.99206,-1.41388
0.115574,-0.69102,-1.99666,-1.40555
0.0547298,-0.745097,-1.99925,-1.39902
-0.0044136,-0.800103,-2,-1.39429
-0.0617869,-0.85599,-1.99905,-1.39139
-0.117366,-0.912692,-1.99655,-1.39037
-0.17117,-0.970135,-1.99266,-1.39128
-0.223252,-1.02824,-1.9875,-1.3942
-0.273698,-1.0869,-1.98118,-1.39921
-0.322622,-1.14604,-1.97381,-1.40637
-0.370158,-1.20554,-1.96545,-1.41578
-0.416462,-1.26531,-1.95616,-1.42752
-0.461704,-1.32523,-1.94598,-1.44167
-0.506067,-1.38517,-1.93491,-1.45829
-0.54975,-1.44503,-1.92296,-1.47746
-0.59296,-1.50467,-1.91008,-1.49925
-0.635918,-1.56394,-1.89621,-1.52369
-0.678859,-1.62269,-1.88126,-1.55084
-0.722035,-1.68075,-1.86512,-1.58074
-0.765717,-1.7379,-1.84761,-1.6134
-0.810204,-1.79392,-1.82854,-1.64883
-0.855828,-1.84853,-1.80764,-1.68702
-0.902969,-1.90136,-1.78456,-1.72791
-0.952064,-1.95199,-1.75886,-1.77143
-1.00363,-1.9998,-1.72995,-1.8174
-1.05828,-2.04399,-1.69707,-1.86553
-1.11676,-2.08339,-1.65917,-1.91533
-1.17987,-2.11627,-1.6149,-1.96585
-1.24836,-2.13998,-1.56256,-2.01535
-1.32222,-2.1507,-1.50058,-2.0606
-1.39909,-2.14398,-1.42917,-2.09637
-1.47314,-2.11784,-1.35272,-2.11715
-1.53806,-2.07567,-1.27843,-2.12162
-1.59156,-2.02343,-1.21117,-2.11311
-1.63465,-1.96574,-1.15235,-2.09595
-1.66922,-1.90522,-1.10169,-2.07344
-1.69693,-1.84328,-1.0585,-2.04773
-1.71909,-1.78069,-1.02212,-2.02022
-1.73665,-1.71787,-0.991996,-1.99182
-1.7503,-1.6551,-0.967705,-1.96316
-1.76056,-1.59255,-0.948907,-1.93469
-1.76781,-1.53033,-0.935334,-1.90673
-1.77232,-1.46854,-0.926765,-1.87951
-1.77427,-1.40724,-0.923014,-1.85322
-1.7738,-1.34651,-0.923913,-1.82802
-1.77099,-1.28638,-0.929303,-1.80403
-1.76585,-1.2269,-0.939024,-1.78136
-1.7584,-1.16812,-0.95291,-1.76011
-1.7486,-1.11005,-0.97078,-1.74037
-1.7364,-1.05273,-0.992434,-1.72223
-1.72174,-0.996164,-1.01765,-1.70579
-1.70456,-0.940343,-1.04618,-1.69114
-1.68478,-0.885252,-1.07774,-1.67837
-1.66234,-0.830855,-1.11204,-1.66758
-1.6372,-0.777098,-1.14873,-1.65886
-1.60931,-0.723909,-1.18748,-1.65231
-1.57868,-0.671198,-1.22791,-1.648
-1.54532,-0.618857,-1.26964,-1.64602
-1.50928,-0.566766,-1.31227,-1.64643
-1.47064,-0.514794,-1.35544,-1.6493
-1.4295,-0.462804,-1.39876,-1.65468
-1.386,-0.410659,-1.44188,-1.66259
-1.34028,-0.358228,-1.48447,-1.67307
-1.29252,-0.305388,-1.52623,-1.68613
-1.2429,-0.252032,-1.56691,-1.70177
-1.19159,-0.198073,-1.60628,-1.72
-1.13876,-0.143446,-1.64415,-1.7408
-1.08459,-0.0881076,-1.68038,-1.76417
-1.02921,-0.0320429,-1.71486,-1.7901
-0.972731,0.0247401,-1.74751,-1.81858
-0.915245,0.0822082,-1.77829,-1.84962
-0.8568,0.140306,-1.80718,-1.8832
-0.797412,0.198956,-1.83416,-1.91932
-0.737052,0.25806,-1.85923,-1.95798
-0.675655,0.317505,-1.88242,-1.99918
-0.613111,0.377155,-1.90371,-2.04289
-0.549263,0.436859,-1.9231,-2.08912
-0.483908,0.496446,-1.94058,-2.13782
-0.416786,0.555721,-1.95609,-2.18896
-0.347577,0.614463,-1.96957,-2.24247
-0.275886,0.672414,-1.98088,-2.29826
-0.201224,0.729266,-1.98985,-2.35617
-0.122983,0.784644,-1.99622,-2.41599
-0.040393,0.838067,-1.99959,-2.47741
0.0475357,0.888903,-1.99944,-2.5399
0.1421,0.936273,-1.99495,-2.60264
0.245002,0.978901,-1.98494,-2.6642
0.358382,1.01486,-1.96763,-2.72197
0.484325,1.04127,-1.94047,-2.77102
0.622357,1.05456,-1.9007,-2.80248
0.764066,1.05329,-1.8483,-2.80556
0.894911,1.04175,-1.78861,-2.77777
1.0074,1.02621,-1.72776,-2.72758
1.10254,1.0102,-1.66865,-2.66438
1.18368,0.994988,-1.61211,-2.59415
1.25375,0.980904,-1.55824,-2.5203
1.31496,0.967968,-1.50695,-2.44482
1.36892,0.956098,-1.4581,-2.36891
1.41683,0.945184,-1.41159,-2.29337
1.4596,0.935118,-1.36732,-2.21874
1.49792,0.925799,-1.32523,-2.14539
1.53236,0.917136,-1.28525,-2.0736
1.56337,0.909051,-1.24734,-2.00356
1.59133,0.901474,-1.21148,-1.93543
1.61653,0.894341,-1.17764,-1.86933
1.63925,0.887598,-1.1458,-1.80536
1.65971,0.881196,-1.11596,-1.74359
1.6781,0.875091,-1.08811,-1.68408
1.69459,0.869244,-1.06225,-1.62688
1.70932,0.863621,-1.03837,-1.57202
1.72243,0.858188,-1.01647,-1.51954
1.73403,0.852917,-0.996566,-1.46947
1.74421,0.84778,-0.978641,-1.42183
1.75306,0.842751,-0.962699,-1.37663
1.76065,0.837805,-0.948735,-1.3339
1.76706,0.832917,-0.936745,-1.29364
1.77234,0.828064,-0.926717,-1.25587
1.77654,0.823219,-0.918639,-1.22059
1.77971,0.818355,-0.912495,-1.18782
1.78187,0.813444,-0.908262,-1.15756
1.78306,0.808454,-0.905916,-1.12983
1.78331,0.803353,-0.905424,-1.10462
1.78264,0.798103,-0.906752,-1.08194
1.78106,0.792664,-0.909858,-1.06179
1.77857,0.786993,-0.914698,-1.04418
1.77521,0.781042,-0.92122,-1.0291
1.77095,0.774761,-0.929369,-1.01656
1.76582,0.768097,-0.939087,-1.00655
1.7598,0.760994,-0.95031,-0.999077
1.75291,0.753393,-0.962971,-0.994124
1.74513,0.745236,-0.977,-0.991689
1.73646,0.736461,-0.992322,-0.991762
1.7269,0.727009,-1.00886,-0.994335
1.71645,0.716821,-1.02654,-0.999397
1.70511,0.705842,-1.04528,-1.00694
1.69286,0.694017,-1.065,-1.01695
1.67972,0.681298,-1.08561,-1.02941
1.66568,0.667643,-1.10704,-1.04432
1.65073,0.653016,-1.12919,-1.06168
1.6349,0.637388,-1.152,-1.08146
1.61817,0.620741,-1.17539,-1.10367
1.60054,0.603063,-1.19928,-1.12831
1.58202,0.584355,-1.2236,-1.15538
1.56261,0.564627,-1.24829,-1.18487
1.5423,0.543902,-1.2733,-1.2168
1.52109,0.522211,-1.29857,-1.25118
1.49895,0.499597,-1.32407,-1.28802
1.47586,0.476113,-1.34975,-1.32732
1.4518,0.45182,-1.3756,-1.3691
1.42672,0.426788,-1.4016,-1.41338
1.40057,0.401095,-1.42773,-1.46017
1.37329,0.374826,-1.45399,-1.50948
1.34479,0.348069,-1.48039,-1.56131
1.31499,0.320921,-1.50692,-1.61567
1.28378,0.29348,-1.5336,-1.67257
1.25102,0.265849,-1.56043,-1.73199
1.21658,0.238136,-1.58743,-1.79393
1.18029,0.210452,-1.6146,-1.85836
1.14194,0.182916,-1.64194,-1.92525
1.10133,0.15565,-1.66945,-1.99456
1.05818,0.128788,-1.69713,-2.06623
1.01219,0.102474,-1.72495,-2.14018
0.96301,0.076868,-1.75289,-2.2163
0.910196,0.0521515,-1.78088,-2.29446
0.853227,0.0285351,-1.80887,-2.37445
0.791446,0.00627012,-1.83674,-2.45601
0.724025,-0.0143343,-1.86435,-2.53875
0.649882,-0.0328852,-1.89147,-2.6221
0.567573,-0.0488665,-1.91777,-2.70518
0.475125,-0.0615784,-1.94274,-2.78652
0.369821,-0.0700571,-1.96551,-2.86357
0.248164,-0.0730373,-1.98454,-2.93156
0.107244,-0.0693503,-1.99712,-2.98141
-0.0491035,-0.0599091,-1.9994,-2.99934
-0.204043,-0.0499776,-1.98956,-2.97763
-0.342012,-0.0447768,-1.97054,-2.92534
-0.460573,-0.0453701,-1.94625,-2.85597
-0.562989,-0.0508644,-1.91913,-2.77804
-0.652747,-0.0602053,-1.89048,-2.69602
-0.732501,-0.0725617,-1.86103,-2.61235
-0.804174,-0.0873167,-1.8312,-2.52842
-0.869172,-0.104008,-1.80126,-2.4451
-0.928549,-0.12228,-1.77138,-2.36293
-0.983118,-0.141849,-1.74169,-2.28231
-1.03352,-0.162486,-1.71226,-2.20349
-1.08026,-0.183997,-1.68316,-2.12668
-1.12377,-0.206213,-1.65443,-2.05202
-1.16441,-0.228988,-1.62608,-1.97962
-1.20247,-0.252187,-1.59815,-1.90955
-1.2382,-0.27569,-1.57063,-1.84188
-1.27182,-0.299381,-1.54352,-1.77666
-1.30354,-0.323153,-1.51683,-1.71392
-1.33351,-0.346903,-1.49056,-1.65368
-1.36188,-0.370533,-1.46468,-1.59596
-1.38878,-0.393947,-1.4392,-1.54077
-1.41431,-0.417053,-1.41412,-1.48811
-1.43858,-0.439765,-1.38942,-1.43798
-1.46168,-0.461996,-1.3651,-1.39038
-1.48366,-0.483667,-1.34118,-1.34528
-1.50459,-0.504703,-1.31765,-1.30269
-1.52452,-0.525034,-1.29454,-1.26259
-1.5435,-0.544598,-1.27185,-1.22497
-1.56155,-0.563338,-1.24963,-1.1898
-1.5787,-0.581206,-1.22789,-1.15709
-1.59497,-0.598162,-1.20668,-1.12681
-1.61037,-0.614174,-1.18604,-1.09895
-1.62493,-0.629219,-1.16602,-1.07351
-1.63865,-0.643282,-1.14667,-1.05048
-1.65153,-0.656357,-1.12804,-1.02985
-1.66358,-0.668446,-1.11019,-1.01162
-1.6748,-0.679556,-1.09317,-0.995802
-1.68521,-0.689705,-1.07706,-0.982387
-1.69481,-0.698912,-1.0619,-0.971382
-1.70359,-0.707205,-1.04775,-0.962794
-1.71157,-0.714615,-1.03467,-0.956631
-1.71874,-0.721177,-1.02271,-0.952902
-1.72511,-0.72693,-1.01193,-0.951616
-1.73068,-0.731914,-1.00236,-0.952783
-1.73546,-0.736171,-0.994069,-0.956415
-1.73944,-0.739744,-0.987087,-0.96252
-1.74262,-0.742678,-0.981457,-0.97111
-1.74501,-0.745018,-0.977218,-0.982194
-1.74658,-0.746807,-0.974405,-0.99578
-1.74733,-0.748089,-0.973048,-1.01188
-1.74726,-0.748906,-0.973177,-1.03049
-1.74635,-0.749302,-0.974818,-1.05163
-1.74457,-0.749317,-0.977994,-1.0753
-1.74191,-0.74899,-0.982724,-1.1015
-1.73834,-0.74836,-0.989028,-1.13024
-1.73383,-0.747466,-0.996918,-1.16152
-1.72834,-0.746343,-1.00641,-1.19533
-1.72182,-0.745029,-1.01751,-1.23168
-1.71425,-0.743558,-1.03022,-1.27056
-1.70555,-0.741967,-1.04456,-1.31198
-1.69567,-0.740291,-1.06052,-1.35591
-1.68454,-0.738567,-1.07812,-1.40237
-1.67208,-0.736831,-1.09733,-1.45132
-1.65821,-0.735122,-1.11818,-1.50277
-1.64283,-0.73348,-1.14066,-1.55669
-1.62583,-0.731946,-1.16476,-1.61305
-1.60709,-0.730566,-1.19049,-1.67184
-1.58647,-0.729386,-1.21784,-1.73302
-1.5638,-0.728459,-1.24681,-1.79655
-1.5389,-0.727841,-1.27741,-1.86237
-1.51157,-0.727594,-1.30964,-1.93043
-1.48156,-0.727785,-1.3435,-2.00063
-1.44857,-0.728492,-1.379,-2.07289
-1.41227,-0.7298,-1.41615,-2.14706
-1.37225,-0.731809,-1.45497,-2.22298
-1.32798,-0.73463,-1.49548,-2.30042
-1.27886,-0.738396,-1.5377,-2.37907
-1.22406,-0.743259,-1.58167,-2.4585
-1.16254,-0.749395,-1.62742,-2.53809
-1.0929,-0.757006,-1.67498,-2.61688
-1.01323,-0.766294,-1.72435,-2.69338
-0.920895,-0.777392,-1.77537,-2.76502
-0.812492,-0.790083,-1.82753,-2.82728
-0.684921,-0.80296,-1.87906,-2.87207
-0.540364,-0.811772,-1.92562,-2.88808
-0.392131,-0.810157,-1.96118,-2.86962
-0.254678,-0.795626,-1.98372,-2.82477
-0.132145,-0.770455,-1.99563,-2.76541
-0.0228,-0.737656,-1.99987,-2.69914
0.0759947,-0.699438,-1.99856,-2.62999
0.166434,-0.657274,-1.99306,-2.56008
0.250178,-0.612164,-1.98429,-2.49062
0.328471,-0.564815,-1.97284,-2.42233
0.402261,-0.515753,-1.95913,-2.35568
0.47229,-0.465385,-1.94344,-2.29095
0.539145,-0.414037,-1.92596,-2.22836
0.603301,-0.361983,-1.90684,-2.16804
0.665147,-0.309456,-1.88615,-2.11009
0.725003,-0.256662,-1.86397,-2.05458
0.78313,-0.203784,-1.8403,-2.00155
0.839741,-0.150986,-1.81517,-1.95104
0.895006,-0.0984192,-1.78857,-1.90305
0.949053,-0.0462188,-1.76048,-1.85761
1.00198,0.00549378,-1.73091,-1.81471
1.05383,0.0566118,-1.69984,-1.77437
1.10464,0.107045,-1.66726,-1.73657
1.1544,0.156719,-1.63321,-1.70133
1.20306,0.205581,-1.5977,-1.66865
1.25057,0.253597,-1.56079,-1.63852
1.29684,0.300757,-1.52256,-1.61097
1.34177,0.347073,-1.48312,-1.58598
1.38523,0.392579,-1.44261,-1.56358
1.42711,0.437332,-1.40119,-1.54378
1.46728,0.48141,-1.35907,-1.52657
1.50562,0.524907,-1.31648,-1.51196
1.542,0.567934,-1.27367,-1.49994
1.57633,0.61061,-1.23092,-1.4905
1.60853,0.653061,-1.18854,-1.48362
1.63853,0.695413,-1.14682,-1.47928
1.6663,0.737792,-1.1061,-1.47742
1.6918,0.780314,-1.06668,-1.478
1.71506,0.823086,-1.02888,-1.48097
1.73608,0.8662,-0.992995,-1.48627
1.75491,0.909736,-0.959324,-1.49382
1.7716,0.953758,-0.92813,-1.50357
1.78623,0.998311,-0.89966,-1.51544
1.79886,1.04343,-0.874137,-1.52937
1.80956,1.08913,-0.851761,-1.54529
1.81841,1.13543,-0.832706,-1.56315
1.82546,1.18231,-0.817128,-1.58287
1.83077,1.22977,-0.805158,-1.60441
1.83437,1.27778,-0.796912,-1.6277
1.83629,1.32633,-0.792493,-1.6527
1.8365,1.37539,-0.791993,-1.67934
1.83499,1.42493,-0.795497,-1.70755
1.83168,1.47491,-0.803091,-1.73728
1.82647,1.5253,-0.814865,-1.76843
1.81922,1.57606,-0.830921,-1.80091
1.80974,1.62715,-0.851377,-1.83457
1.79776,1.67851,-0.87638,-1.86924
1.78296,1.73008,-0.906114,-1.90471
1.7649,1.78174,-0.940815,-1.94067
1.743,1.83336,-0.980786,-1.9767
1.71652,1.88469,-1.02642,-2.01218
1.68447,1.93534,-1.07822,-2.04624
1.64551,1.98459,-1.1368,-2.07755
1.59793,2.03115,-1.20276,-2.10405
1.53979,2.07257,-1.27634,-2.12259
1.46994,2.1046,-1.3562,-2.12899
1.39024,2.1216,-1.43779,-2.11978
1.30659,2.1201,-1.5142,-2.09576
1.22493,2.10167,-1.581,-2.06196
1.14787,2.07049,-1.6378,-2.02351
1.07562,2.03031,-1.68613,-1.98373
1.00754,1.98377,-1.72767,-1.94441
0.94285,1.93261,-1.76381,-1.90655
0.880823,1.878,-1.79559,-1.87067
0.820853,1.82076,-1.82379,-1.83709
0.762424,1.7615,-1.84898,-1.80597
0.705101,1.70066,-1.87159,-1.77742
0.64851,1.6386,-1.89194,-1.75148
0.592323,1.5756,-1.91028,-1.72816
0.536253,1.51191,-1.92677,-1.70748
0.480044,1.44774,-1.94153,-1.68941
0.423469,1.38325,-1.95465,-1.67391
0.366327,1.31861,-1.96616,-1.66096
0.308444,1.25396,-1.97607,-1.65051
0.249672,1.18943,-1.98435,-1.64252
0.189892,1.12513,-1.99096,-1.63694
0.129019,1.06116,-1.99583,-1.63374
0.067,0.997616,-1.99888,-1.63288
0.00382566,0.934568,-2,-1.63432
-0.0604718,0.872077,-1.99909,-1.63804
-0.125812,0.810185,-1.99604,-1.64403
-0.192064,0.748913,-1.99076,-1.65229
-0.259045,0.688261,-1.98315,-1.66282
-0.326519,0.628199,-1.97317,-1.67566
-0.3942,0.568676,-1.96077,-1.69082
-0.461755,0.509608,-1.94597,-1.70836
-0.528809,0.450883,-1.92882,-1.72832
-0.594958,0.392365,-1.90946,-1.75073
-0.659772,0.33389,-1.88804,-1.77563
-0.722815,0.275276,-1.86482,-1.80305
-0.783648,0.216326,-1.84008,-1.83298
-0.84185,0.156837,-1.81419,-1.86542
-0.897019,0.0966028,-1.78756,-1.90032
-0.94879,0.0354245,-1.76062,-1.93761
-0.996832,-0.0268838,-1.73388,-1.97719
-1.04086,-0.0904902,-1.70781,-2.01894
-1.08062,-0.155541,-1.68293,-2.06272
-1.11589,-0.22216,-1.65975,-2.10835
-1.1465,-0.290446,-1.63876,-2.15564
-1.17226,-0.360473,-1.62043,-2.20438
-1.193,-0.432299,-1.60522,-2.25432
-1.20852,-0.505959,-1.59357,-2.30519
-1.21858,-0.581478,-1.58589,-2.35667
-1.22286,-0.658867,-1.5826,-2.40838
-1.22091,-0.738126,-1.5841,-2.45984
-1.21214,-0.81924,-1.59082,-2.51041
-1.19567,-0.902161,-1.60324,-2.5592
-1.17027,-0.986767,-1.62187,-2.60489
-1.13419,-1.07275,-1.64731,-2.64542
-1.08504,-1.15931,-1.68009,-2.67732
-1.02022,-1.2444,-1.72022,-2.69477
-0.939363,-1.32325,-1.76567,-2.68905
-0.849783,-1.38829,-1.81049,-2.65311
-0.764831,-1.43485,-1.84798,-2.59032
-0.692328,-1.4649,-1.87635,-2.51127
-0.632926,-1.48268,-1.89721,-2.42438
-0.584855,-1.49155,-1.91258,-2.33436
-0.546213,-1.49373,-1.92397,-2.24366
-0.515463,-1.49068,-1.93243,-2.15367
-0.49142,-1.48339,-1.93869,-2.0652
-0.473169,-1.47254,-1.94322,-1.97876
-0.459989,-1.45865,-1.94638,-1.89471
-0.451297,-1.44213,-1.94842,-1.81329
-0.446612,-1.42327,-1.9495,-1.73468
-0.445524,-1.40233,-1.94975,-1.65903
-0.447676,-1.37954,-1.94925,-1.58643
-0.452751,-1.35506,-1.94808,-1.51699
-0.460463,-1.32907,-1.94627,-1.45078
-0.470547,-1.30171,-1.94386,-1.38784
-0.482757,-1.27312,-1.94086,-1.32822
-0.496861,-1.24341,-1.9373,-1.27197
-0.512636,-1.21271,-1.93319,-1.21911
-0.529871,-1.18111,-1.92853,-1.16966
-0.548361,-1.14872,-1.92336,-1.12362
-0.567912,-1.11563,-1.91767,-1.08101
-0.588332,-1.08195,-1.91151,-1.04183
-0.609442,-1.04774,-1.90488,-1.00605
-0.631067,-1.01309,-1.89783,-0.973677
-0.653042,-0.978083,-1.89038,-0.94468
-0.675209,-0.942778,-1.88258,-0.919037
-0.697421,-0.907244,-1.87446,-0.896721
-0.71954,-0.871539,-1.86608,-0.877701
-0.741437,-0.835716,-1.85749,-0.861945
-0.762994,-0.799823,-1.84874,-0.849418
-0.784105,-0.763904,-1.83989,-0.84009
-0.804673,-0.727998,-1.83098,-0.833928
-0.824609,-0.692142,-1.82209,-0.830905
