K,V,E,T,Eerr
2538.48,-0.435498,2538.05,394.915,-9.55553e-07
2539.03,-0.437276,2538.6,395,0.000215434
2539.04,-0.439338,2538.6,395.001,0.000215425
2539.04,-0.441705,2538.6,395.001,0.000215425
2539.04,-0.444409,2538.6,395.001,0.000215425
2539.04,-0.447454,2538.6,395.002,0.000215427
2539.05,-0.450856,2538.6,395.002,0.000215429
2539.05,-0.454631,2538.6,395.003,0.00021543
2539.05,-0.458786,2538.6,395.004,0.000215432
2539.06,-0.463344,2538.6,395.004,0.000215432
2539.06,-0.468321,2538.6,395.005,0.000215433
2539.07,-0.473738,2538.6,395.006,0.000215434
2539.08,-0.479622,2538.6,395.007,0.000215433
2539.08,-0.485989,2538.6,395.008,0.000215436
2539.09,-0.492893,2538.6,395.009,0.000215432
2539.1,-0.500349,2538.6,395.01,0.00021543
2539.1,-0.508399,2538.6,395.011,0.000215428
2539.11,-0.517095,2538.6,395.013,0.000215424
2539.12,-0.526509,2538.6,395.014,0.000215408
2539.13,-0.53666,2538.6,395.016,0.000215396
2539.14,-0.547641,2538.6,395.017,0.000215377
2539.16,-0.559514,2538.6,395.019,0.000215354
2539.17,-0.572383,2538.6,395.021,0.000215321
2539.18,-0.586285,2538.6,395.023,0.000215301
2539.2,-0.601385,2538.6,395.026,0.000215274
2539.21,-0.61782,2538.6,395.028,0.000215236
2539.23,-0.635681,2538.6,395.031,0.000215212
2539.25,-0.655186,2538.6,395.034,0.000215186
2539.27,-0.676509,2538.6,395.037,0.000215172
2539.29,-0.699908,2538.6,395.041,0.000215166
2539.32,-0.725709,2538.6,395.045,0.000215155
2539.35,-0.754318,2538.59,395.049,0.00021512
2539.38,-0.786071,2538.59,395.054,0.000215096
2539.42,-0.821457,2538.59,395.06,0.000215093
2539.46,-0.861159,2538.59,395.066,0.00021509
2539.5,-0.905954,2538.59,395.073,0.000215083
2539.55,-0.956747,2538.59,395.081,0.000215091
2539.61,-1.01472,2538.59,395.09,0.000215112
2539.68,-1.08142,2538.59,395.1,0.000215122
2539.75,-1.15863,2538.59,395.112,0.000215142
2539.84,-1.24861,2538.6,395.126,0.000215209
2539.95,-1.35435,2538.6,395.143,0.000215309
2540.08,-1.47969,2538.6,395.162,0.000215424
2540.23,-1.62931,2538.6,395.186,0.000215601
2540.41,-1.8094,2538.6,395.214,0.000215821
2540.63,-2.02762,2538.6,395.248,0.000216098
2540.89,-2.29338,2538.6,395.289,0.000216446
2541.22,-2.61781,2538.6,395.34,0.00021679
2541.61,-3.01202,2538.6,395.401,0.000217011
2542.08,-3.48243,2538.6,395.474,0.000216634
2542.61,-4.0153,2538.59,395.556,0.000214396
2543.11,-4.53265,2538.57,395.634,0.000206601
2543.28,-4.76744,2538.51,395.661,0.000183389
2542.33,-3.95634,2538.37,395.513,0.000127635
2538.79,-0.543585,2538.25,394.963,7.95291e-05
2533.57,5.24066,2538.81,394.151,0.000300776
2533.78,5.03558,2538.82,394.183,0.000301872
2539.46,-1.2091,2538.26,395.067,8.12619e-05
2543.6,-5.21263,2538.39,395.711,0.000133993
2545.39,-6.88513,2538.51,395.99,0.000181502
2545.86,-7.44459,2538.41,396.062,0.000142987
2543.46,-5.5007,2537.96,395.689,-3.57586e-05
2534.21,3.71786,2537.93,394.251,-4.6004e-05
2527.67,12.1727,2539.84,393.233,0.000706749
2535.61,2.08534,2537.7,394.468,-0.000138082
2540.78,-2.47204,2538.31,395.272,0.000102766
2542.06,-3.39381,2538.67,395.472,0.000244551
2543.65,-5.10459,2538.55,395.719,0.000196427
2544.73,-6.18134,2538.55,395.886,0.000195847
2544.71,-6.14064,2538.57,395.884,0.000206467
2543.7,-5.19098,2538.51,395.726,0.000180275
2541.62,-3.00873,2538.61,395.403,0.000221001
2540.4,-1.61734,2538.78,395.213,0.000289487
2541.62,-3.09214,2538.53,395.403,0.00019055
2542.97,-4.47016,2538.5,395.613,0.000177447
2543.49,-4.81501,2538.67,395.694,0.000246438
2544.55,-5.9152,2538.63,395.858,0.000229779
2545.67,-7.16109,2538.51,396.032,0.000179977
2545.29,-6.77575,2538.51,395.973,0.000182035
2543.6,-4.91703,2538.68,395.711,0.000250344
2542.88,-4.07866,2538.8,395.599,0.000296805
2544.39,-5.72962,2538.66,395.834,0.000240846
2546.56,-7.97094,2538.58,396.171,0.000210989
2547.93,-9.3127,2538.61,396.384,0.000222795
2548.46,-9.80593,2538.65,396.467,0.000238197
2548.54,-9.85979,2538.68,396.479,0.000247185
2548.44,-9.75118,2538.69,396.463,0.000251404
2548.31,-9.61655,2538.69,396.443,0.000253194
2548.21,-9.5149,2538.69,396.428,0.000253889
2548.16,-9.46941,2538.69,396.421,0.000254095
2548.18,-9.4874,2538.69,396.423,0.000254098
2548.26,-9.56949,2538.69,396.436,0.000254039
2548.41,-9.71412,2538.69,396.459,0.000253933
2548.61,-9.9185,2538.69,396.49,0.000253811
2548.87,-10.1792,2538.69,396.531,0.000253689
2549.18,-10.4922,2538.69,396.58,0.000253525
2549.55,-10.8531,2538.69,396.636,0.000253371
2549.95,-11.2573,2538.69,396.698,0.000253221
2550.39,-11.7002,2538.69,396.767,0.000253074
2550.87,-12.1773,2538.69,396.841,0.000252917
2551.37,-12.6839,2538.69,396.92,0.000252689
2539.56,-13.2116,2526.35,395.082,-0.00461084
2540.1,-13.7506,2526.35,395.166,-0.00461138
2540.63,-14.2867,2526.34,395.249,-0.00461191
2541.15,-14.8094,2526.34,395.33,-0.00461206
2541.67,-15.3256,2526.34,395.411,-0.00461145
2542.22,-15.8699,2526.35,395.496,-0.0046106
2542.83,-16.4844,2526.34,395.591,-0.00461141
2543.49,-17.1537,2526.33,395.693,-0.00461631
2544.04,-17.7274,2526.31,395.779,-0.00462579
2544.2,-17.9177,2526.28,395.804,-0.00463635
2543.72,-17.4465,2526.28,395.73,-0.00463862
2542.71,-16.3887,2526.32,395.572,-0.00462194
2541.87,-15.4822,2526.38,395.441,-0.00459637
2542.11,-15.7106,2526.4,395.479,-0.00459024
2543.69,-17.341,2526.35,395.725,-0.00460833
2545.99,-19.6988,2526.29,396.083,-0.00463252
2548.06,-21.8059,2526.26,396.405,-0.00464528
2549.29,-23.0416,2526.25,396.595,-0.00465063
2549.32,-23.1052,2526.21,396.6,-0.00466334
2547.76,-21.5989,2526.16,396.357,-0.00468506
2544.46,-18.2208,2526.24,395.844,-0.00465439
2541.55,-14.9944,2526.56,395.392,-0.00452828
2542.52,-16.1244,2526.4,395.543,-0.00458972
2545.94,-19.7822,2526.16,396.075,-0.00468575
2548.32,-22.1234,2526.19,396.444,-0.00467173
2549.15,-22.8723,2526.28,396.574,-0.00463814
2549.32,-22.9858,2526.34,396.601,-0.00461438
2549.67,-23.2957,2526.37,396.654,-0.00460144
2550.46,-24.1188,2526.34,396.778,-0.00461259
2551.35,-25.0651,2526.29,396.917,-0.00463441
2551.6,-25.3884,2526.21,396.955,-0.00466461
2550.22,-24.1132,2526.11,396.741,-0.00470423
2546.21,-20.1991,2526.01,396.117,-0.00474308
2539.41,-13.2893,2526.12,395.059,-0.00469977
2534.74,-7.81063,2526.93,394.332,-0.00438253
2539.65,-13.5133,2526.14,395.096,-0.00469407
2547.33,-21.4505,2525.88,396.291,-0.00479475
2551.07,-24.9444,2526.13,396.873,-0.00469736
2552.12,-25.8792,2526.25,397.037,-0.00465074
2551.96,-25.7016,2526.26,397.012,-0.00464483
2550.96,-24.6978,2526.26,396.856,-0.00464292
2549.5,-23.158,2526.34,396.628,-0.00461424
2548.7,-22.2811,2526.42,396.504,-0.00458255
2549.5,-23.1418,2526.35,396.628,-0.00460769
2551.15,-24.8822,2526.27,396.885,-0.00464276
2552.36,-26.1049,2526.25,397.073,-0.00464743
2552.68,-26.4043,2526.28,397.124,-0.00463695
2552.37,-26.0539,2526.31,397.075,-0.00462323
2551.87,-25.5251,2526.34,396.997,-0.00461274
2551.53,-25.1899,2526.34,396.945,-0.00461241
2551.41,-25.0816,2526.33,396.925,-0.00461924
2551.31,-24.9923,2526.32,396.91,-0.00462186
2551.18,-24.8453,2526.33,396.89,-0.00461615
2551.2,-24.8477,2526.35,396.893,-0.00460974
2551.55,-25.2032,2526.34,396.947,-0.00461181
2552.13,-25.8105,2526.32,397.038,-0.00462003
2552.67,-26.3595,2526.31,397.121,-0.00462625
2552.91,-26.6027,2526.31,397.159,-0.00462665
2552.83,-26.5105,2526.32,397.147,-0.00462138
2552.61,-26.2729,2526.34,397.113,-0.00461297
2552.55,-26.1914,2526.36,397.103,-0.00460694
2552.83,-26.4768,2526.35,397.147,-0.00460822
2553.42,-27.0896,2526.33,397.239,-0.00461603
2554.06,-27.7538,2526.31,397.338,-0.0046256
2554.41,-28.1212,2526.29,397.392,-0.00463466
2554.16,-27.8916,2526.26,397.353,-0.00464313
2553.1,-26.8477,2526.26,397.189,-0.00464684
2551.38,-25.0697,2526.31,396.921,-0.00462531
2550.04,-23.6017,2526.44,396.713,-0.00457401
2550.62,-24.1991,2526.42,396.803,-0.0045808
2552.9,-26.6165,2526.28,397.157,-0.00463598
2555.15,-28.9062,2526.24,397.508,-0.00465119
2556.48,-30.211,2526.27,397.715,-0.00463945
2557.04,-30.7304,2526.31,397.801,-0.00462632
2557.18,-30.8544,2526.33,397.824,-0.00461841
2557.18,-30.8481,2526.33,397.823,-0.0046177
2557.05,-30.747,2526.3,397.803,-0.00462804
2556.46,-30.2263,2526.24,397.712,-0.00465383
2554.64,-28.5016,2526.14,397.429,-0.00469192
2550.72,-24.6117,2526.11,396.818,-0.0047055
2545.3,-18.9605,2526.34,395.976,-0.00461194
2542.34,-15.6942,2526.64,395.514,-0.00449451
2544.86,-18.5527,2526.3,395.906,-0.00462725
2549.41,-23.3199,2526.09,396.615,-0.00471093
2552.3,-26.129,2526.17,397.063,-0.00468192
2553.4,-27.1507,2526.25,397.235,-0.00464919
2553.6,-27.3078,2526.29,397.266,-0.00463282
2553.44,-27.1412,2526.3,397.241,-0.00463067
2553.02,-26.7513,2526.27,397.177,-0.00463982
2552.16,-25.912,2526.25,397.043,-0.00464792
2550.79,-24.5175,2526.28,396.83,-0.00463807
2549.44,-23.1003,2526.34,396.619,-0.00461302
2549.08,-22.6775,2526.4,396.563,-0.00458959
2550.37,-24.0044,2526.37,396.764,-0.0046033
2552.74,-26.4731,2526.27,397.132,-0.00464289
2554.83,-28.5942,2526.24,397.458,-0.00465381
2555.98,-29.7153,2526.27,397.637,-0.0046427
2556.34,-30.0364,2526.3,397.693,-0.00462796
2556.32,-29.9878,2526.33,397.689,-0.00461678
2556.26,-29.92,2526.34,397.681,-0.0046123
2539.08,-29.9723,2509.11,395.007,-0.0114032
2539.18,-30.081,2509.1,395.023,-0.011407
2539.2,-30.1057,2509.09,395.026,-0.01141
2539.01,-29.9304,2509.08,394.997,-0.0114135
2538.49,-29.4323,2509.06,394.916,-0.0114218
2537.39,-28.3656,2509.02,394.745,-0.0114356
2535.45,-26.426,2509.02,394.442,-0.0114369
2533.08,-23.9492,2509.13,394.074,-0.0113944
2531.89,-22.679,2509.21,393.889,-0.0113624
2532.77,-23.6821,2509.09,394.026,-0.0114108
2534.36,-25.3504,2509.01,394.273,-0.0114432
2535.3,-26.2672,2509.03,394.42,-0.0114325
2535.61,-26.5268,2509.08,394.468,-0.0114121
2535.83,-26.7245,2509.11,394.503,-0.0114023
2536.26,-27.1594,2509.1,394.569,-0.0114055
2536.78,-27.6922,2509.09,394.649,-0.0114117
2537.14,-28.0626,2509.08,394.706,-0.0114147
2537.2,-28.1233,2509.07,394.715,-0.0114163
2536.88,-27.8111,2509.07,394.665,-0.0114188
2536.16,-27.0933,2509.07,394.554,-0.0114175
2535.26,-26.1452,2509.11,394.413,-0.0114017
2534.8,-25.6412,2509.16,394.342,-0.0113811
2535.44,-26.2992,2509.14,394.441,-0.0113895
2536.9,-27.826,2509.08,394.669,-0.011415
2538.32,-29.2729,2509.05,394.889,-0.0114273
2539.1,-30.06,2509.04,395.011,-0.0114297
2539.04,-30.0133,2509.03,395.002,-0.011433
2538.06,-29.036,2509.02,394.848,-0.011437
2536.19,-27.1494,2509.04,394.559,-0.0114278
2534.02,-24.9,2509.12,394.221,-0.0113968
2532.72,-23.5317,2509.19,394.019,-0.0113693
2533.22,-24.0489,2509.17,394.095,-0.0113798
2535.11,-26.0422,2509.07,394.39,-0.0114197
2537.03,-28.0395,2508.99,394.688,-0.0114502
2537.76,-28.8187,2508.94,394.803,-0.0114678
2536.6,-27.7104,2508.89,394.622,-0.0114883
2533.29,-24.3643,2508.93,394.107,-0.0114735
2529.4,-20.2237,2509.17,393.501,-0.0113774
2527.91,-18.8276,2509.09,393.271,-0.011411
2528.57,-19.6224,2508.95,393.373,-0.0114653
2529.33,-20.4673,2508.86,393.49,-0.0115014
2528.61,-19.8416,2508.77,393.378,-0.0115379
2526.74,-17.5766,2509.17,393.089,-0.0113793
2527.56,-18.537,2509.03,393.216,-0.0114346
2529.94,-21.1707,2508.77,393.586,-0.0115358
2530.32,-21.4478,2508.87,393.644,-0.0114975
2528.61,-19.7777,2508.83,393.379,-0.0115111
2524.52,-15.8329,2508.68,392.742,-0.0115697
2518.17,-9.06616,2509.1,391.754,-0.0114047
2516.15,-6.58617,2509.56,391.44,-0.0112249
2522.21,-13.3506,2508.86,392.383,-0.0114998
2529.31,-20.5353,2508.78,393.488,-0.0115325
2533.64,-24.736,2508.9,394.161,-0.0114844
2535.66,-26.6787,2508.98,394.475,-0.0114535
2536.17,-27.1375,2509.03,394.554,-0.0114343
2535.74,-26.6652,2509.07,394.487,-0.0114175
2534.93,-25.8139,2509.11,394.361,-0.0114013
2534.27,-25.1377,2509.13,394.259,-0.0113935
2534.01,-24.8982,2509.11,394.219,-0.0114016
2533.88,-24.8169,2509.06,394.199,-0.0114204
2533.28,-24.265,2509.02,394.105,-0.0114393
2531.72,-22.7078,2509.02,393.863,-0.0114393
2529.63,-20.4887,2509.14,393.537,-0.0113905
2528.75,-19.5242,2509.23,393.401,-0.0113564
2530.01,-20.9152,2509.09,393.596,-0.01141
2531.89,-22.8829,2509.01,393.889,-0.0114431
2532.98,-23.949,2509.03,394.058,-0.0114335
2533.24,-24.1689,2509.08,394.1,-0.0114157
2533.18,-24.0801,2509.1,394.089,-0.0114076
2533.03,-23.9598,2509.07,394.067,-0.0114168
2532.56,-23.538,2509.02,393.993,-0.0114364
2531.33,-22.3064,2509.02,393.802,-0.0114367
2529.74,-20.5953,2509.14,393.554,-0.0113886
2529.42,-20.2197,2509.2,393.504,-0.0113672
2530.91,-21.8547,2509.05,393.736,-0.0114242
2532.53,-23.5676,2508.96,393.989,-0.0114598
2532.8,-23.8444,2508.95,394.03,-0.0114647
2531.44,-22.4491,2509,393.82,-0.011447
2529.41,-20.267,2509.14,393.503,-0.01139
2528.65,-19.4448,2509.2,393.384,-0.0113659
2529.84,-20.7782,2509.06,393.57,-0.0114207
2531.41,-22.4191,2508.99,393.815,-0.011448
2532.14,-23.1097,2509.03,393.927,-0.0114353
2532.13,-23.0614,2509.07,393.927,-0.0114174
2531.91,-22.8257,2509.08,393.892,-0.0114128
2531.65,-22.5759,2509.08,393.852,-0.0114148
2531.35,-22.2591,2509.09,393.805,-0.0114089
2531.17,-22.0498,2509.12,393.777,-0.0113974
2531.43,-22.2943,2509.13,393.817,-0.0113933
2532.2,-23.0841,2509.11,393.936,-0.0114016
2533.18,-24.0947,2509.08,394.09,-0.011412
2533.99,-24.915,2509.08,394.216,-0.0114151
2534.45,-25.3671,2509.08,394.287,-0.0114124
2534.58,-25.4872,2509.09,394.308,-0.0114087
2534.47,-25.3745,2509.1,394.291,-0.0114064
2534.2,-25.096,2509.1,394.248,-0.0114062
2533.76,-24.6602,2509.1,394.179,-0.0114077
2533.11,-24.0251,2509.09,394.079,-0.0114103
2532.21,-23.1231,2509.08,393.938,-0.011413
2530.98,-21.8993,2509.08,393.747,-0.0114144
2537.5,-20.3616,2517.14,394.761,-0.00823975
2535.81,-18.6594,2517.16,394.5,-0.00823211
2534.37,-17.1772,2517.19,394.275,-0.0082173
2533.74,-16.5217,2517.22,394.177,-0.00820671
2534.28,-17.0803,2517.2,394.26,-0.0082162
2535.66,-18.5143,2517.15,394.476,-0.00823533
2537.22,-20.0971,2517.12,394.718,-0.00824472
2538.51,-21.38,2517.13,394.918,-0.00824377
2539.42,-22.2874,2517.14,395.061,-0.00824006
2540.02,-22.8818,2517.14,395.154,-0.00823792
2540.34,-23.2027,2517.14,395.204,-0.00823829
2540.36,-23.2237,2517.13,395.206,-0.00824092
2539.99,-22.8614,2517.12,395.148,-0.00824448
2539.16,-22.037,2517.12,395.02,-0.00824439
2538,-20.8469,2517.15,394.839,-0.0082339
2536.95,-19.7567,2517.19,394.676,-0.00821799
2536.55,-19.3618,2517.19,394.615,-0.00821729
2536.88,-19.7225,2517.16,394.666,-0.00822962
2537.57,-20.4241,2517.15,394.773,-0.00823502
2538.36,-21.2075,2517.15,394.895,-0.00823389
2539.18,-22.0265,2517.15,395.023,-0.00823422
2539.95,-22.8087,2517.15,395.144,-0.00823582
2540.59,-23.4467,2517.15,395.243,-0.00823599
2541.04,-23.8875,2517.15,395.312,-0.00823477
2541.29,-24.1413,2517.15,395.352,-0.00823338
2541.4,-24.2409,2517.15,395.368,-0.00823229
2541.38,-24.2211,2517.16,395.365,-0.00823114
2541.29,-24.1263,2517.16,395.351,-0.00822951
2541.18,-24.0191,2517.16,395.335,-0.00822837
2541.1,-23.9451,2517.16,395.322,-0.00823102
2540.95,-23.8237,2517.13,395.299,-0.00824274
2540.35,-23.2866,2517.06,395.205,-0.00826887
2538.56,-21.5761,2516.98,394.927,-0.00829964
2535.25,-18.1706,2517.08,394.412,-0.0082604
2532.63,-15.2628,2517.37,394.004,-0.00814918
2533.48,-16.3498,2517.13,394.137,-0.00824042
2535.68,-18.7443,2516.94,394.479,-0.0083167
2536.32,-19.3124,2517.01,394.579,-0.00828895
2535.68,-18.5429,2517.14,394.479,-0.00823917
2535.36,-18.1399,2517.22,394.429,-0.00820592
2536.43,-19.2388,2517.19,394.595,-0.00821965
2538.44,-21.3399,2517.1,394.908,-0.00825326
2540.22,-23.1584,2517.06,395.185,-0.0082687
2541.04,-23.9738,2517.07,395.312,-0.00826727
2540.85,-23.7588,2517.09,395.283,-0.00825851
2539.97,-22.8595,2517.11,395.146,-0.00824892
2538.85,-21.7215,2517.13,394.972,-0.00824328
2537.85,-20.7082,2517.14,394.816,-0.00823765
2537.24,-20.1191,2517.12,394.721,-0.00824591
2536.76,-19.7166,2517.05,394.647,-0.00827544
2535.76,-18.6962,2517.06,394.491,-0.00826899
2534.63,-17.4471,2517.18,394.315,-0.0082214
2534.71,-17.5142,2517.2,394.328,-0.00821549
2536.19,-19.0644,2517.13,394.558,-0.00824354
2538.03,-20.9658,2517.07,394.845,-0.00826677
2539.29,-22.226,2517.06,395.04,-0.00826944
2539.79,-22.6671,2517.12,395.118,-0.00824612
2540.17,-22.9994,2517.17,395.177,-0.00822603
2540.96,-23.8138,2517.15,395.3,-0.00823497
2541.89,-24.7723,2517.11,395.444,-0.00824877
2542.43,-25.3132,2517.11,395.528,-0.00824901
2542.45,-25.317,2517.13,395.532,-0.0082417
2542.13,-24.9808,2517.15,395.482,-0.00823374
2541.74,-24.5718,2517.17,395.421,-0.00822736
2541.5,-24.3219,2517.18,395.384,-0.00822325
2541.57,-24.3877,2517.18,395.395,-0.00822208
2541.99,-24.8177,2517.18,395.461,-0.00822431
2542.7,-25.534,2517.16,395.57,-0.00822969
2543.48,-26.3427,2517.14,395.693,-0.00823801
2544.06,-26.9476,2517.11,395.782,-0.00825007
2544.01,-26.9444,2517.07,395.775,-0.00826646
2542.89,-25.8556,2517.03,395.6,-0.00828039
2540.54,-23.4783,2517.06,395.235,-0.00826777
2537.83,-20.6823,2517.15,394.813,-0.00823574
2535.83,-18.7869,2517.05,394.503,-0.00827454
2533.92,-16.9572,2516.96,394.205,-0.00830849
2531.91,-14.7022,2517.21,393.892,-0.00821146
2532.57,-15.2963,2517.28,393.995,-0.00818396
2536.32,-19.3728,2516.95,394.579,-0.00831221
2539.53,-22.6265,2516.9,395.078,-0.00833102
2540.68,-23.6359,2517.04,395.256,-0.00827661
2540.91,-23.7952,2517.12,395.293,-0.00824729
2541.1,-23.9912,2517.11,395.322,-0.00825091
2541.18,-24.0776,2517.1,395.335,-0.00825213
2541.13,-23.9885,2517.14,395.326,-0.00823804
2541.31,-24.1525,2517.16,395.355,-0.00823099
2541.87,-24.746,2517.13,395.442,-0.00824335
2542.39,-25.2951,2517.1,395.523,-0.00825452
2542.41,-25.3166,2517.09,395.525,-0.00825756
2541.72,-24.6334,2517.08,395.418,-0.00826062
2540.25,-23.171,2517.08,395.189,-0.00826337
2538.06,-20.9715,2517.09,394.85,-0.00825673
2535.58,-18.4536,2517.13,394.464,-0.00824184
2533.5,-16.3343,2517.16,394.139,-0.00822913
2532.5,-15.2967,2517.2,393.984,-0.00821302
2533.24,-16.0229,2517.21,394.099,-0.00820887
2535.64,-18.5392,2517.11,394.473,-0.00825173
2538.22,-21.2528,2516.97,394.874,-0.00830581
2539.04,-22.1319,2516.9,395.001,-0.00833126
2537.25,-20.2866,2516.97,394.724,-0.00830605
2535.98,-16.9805,2519,394.525,-0.007507
2534.88,-15.7719,2519.11,394.354,-0.00746372
2536.96,-18.0564,2518.91,394.678,-0.00754222
2539.96,-21.1657,2518.79,395.145,-0.00758613
2541.86,-23.0642,2518.8,395.441,-0.00758402
2542.27,-23.4421,2518.83,395.504,-0.00757389
2541.45,-22.5816,2518.87,395.376,-0.007557
2540.13,-21.1809,2518.95,395.171,-0.00752542
2539.4,-20.408,2518.99,395.057,-0.0075085
2539.77,-20.834,2518.94,395.116,-0.00752885
2540.64,-21.7464,2518.89,395.25,-0.00754773
2541.24,-22.3465,2518.89,395.343,-0.00754842
2541.35,-22.4494,2518.9,395.361,-0.00754507
2540.99,-22.103,2518.89,395.305,-0.00754797
2540.11,-21.2312,2518.87,395.167,-0.00755495
2538.62,-19.7326,2518.89,394.937,-0.00754841
2537.07,-18.0886,2518.98,394.694,-0.00751401
2536.63,-17.611,2519.01,394.626,-0.00749954
2537.7,-18.7762,2518.93,394.794,-0.00753352
2539.27,-20.3941,2518.88,395.037,-0.00755442
2540.39,-21.5004,2518.89,395.211,-0.00755003
2540.94,-22.0278,2518.91,395.296,-0.00754114
2541.11,-22.1925,2518.92,395.324,-0.00753626
2541.07,-22.1474,2518.93,395.318,-0.00753416
2540.9,-21.9671,2518.93,395.291,-0.00753211
2540.67,-21.7269,2518.94,395.254,-0.00752942
2540.47,-21.5299,2518.94,395.224,-0.00752806
2540.36,-21.4301,2518.93,395.207,-0.00753154
2540.21,-21.3137,2518.9,395.184,-0.00754455
2539.58,-20.7548,2518.83,395.086,-0.00757336
2537.66,-18.9141,2518.74,394.786,-0.00760631
2534.28,-15.3767,2518.9,394.261,-0.00754409
2532.58,-13.3673,2519.21,393.997,-0.00742092
2535.55,-16.6742,2518.88,394.459,-0.00755282
2539.9,-21.1637,2518.74,395.135,-0.00760967
2542.55,-23.736,2518.82,395.548,-0.00757688
2543.7,-24.8153,2518.89,395.727,-0.00754985
2544.09,-25.1764,2518.92,395.787,-0.00753841
2544.11,-25.1907,2518.92,395.79,-0.00753622
2543.86,-24.9452,2518.91,395.751,-0.00753896
2543.3,-24.3898,2518.91,395.664,-0.00754194
2542.44,-23.5205,2518.92,395.53,-0.00753712
2541.6,-22.6454,2518.95,395.4,-0.00752339
2541.28,-22.3265,2518.95,395.349,-0.00752458
2541.44,-22.5647,2518.88,395.375,-0.00755329
2541.29,-22.4669,2518.83,395.352,-0.007574
2540.38,-21.4887,2518.89,395.21,-0.00754722
2539.73,-20.7213,2519.01,395.108,-0.00750289
2540.55,-21.6042,2518.95,395.236,-0.00752688
2542.19,-23.3413,2518.85,395.492,-0.0075632
2543.36,-24.4989,2518.86,395.673,-0.00756097
2543.77,-24.8711,2518.9,395.737,-0.00754567
2543.78,-24.8632,2518.92,395.74,-0.00753621
2543.71,-24.7809,2518.93,395.728,-0.00753261
2543.7,-24.7584,2518.94,395.727,-0.0075278
2543.91,-24.9558,2518.96,395.76,-0.00752207
2544.49,-25.5413,2518.95,395.85,-0.00752362
2545.37,-26.4392,2518.93,395.986,-0.00753219
2546.25,-27.339,2518.91,396.124,-0.00753919
2546.88,-27.9739,2518.91,396.221,-0.00754144
2547.15,-28.2432,2518.91,396.263,-0.00754158
2547.04,-28.1395,2518.9,396.247,-0.00754286
2546.53,-27.6395,2518.89,396.167,-0.00754764
2545.5,-26.6322,2518.87,396.007,-0.0075564
2543.79,-24.9334,2518.86,395.741,-0.00756134
2541.57,-22.6482,2518.92,395.395,-0.0075365
2540.08,-21.0278,2519.05,395.163,-0.00748431
2540.93,-21.9192,2519.02,395.296,-0.00749934
2543.69,-24.8241,2518.87,395.725,-0.00755678
2546.46,-27.6339,2518.83,396.156,-0.00757348
2548.24,-29.3962,2518.84,396.433,-0.00756668
2548.98,-30.1304,2518.85,396.547,-0.00756546
2548.64,-29.8297,2518.81,396.494,-0.0075816
2546.77,-28.0339,2518.74,396.205,-0.00760761
2543.03,-24.238,2518.79,395.621,-0.00758895
2538.89,-19.8235,2519.07,394.978,-0.00747794
2537.74,-18.658,2519.08,394.8,-0.00747193
2539.96,-21.0917,2518.87,395.145,-0.00755703
2542.97,-24.1521,2518.82,395.613,-0.00757623
2545.38,-26.5519,2518.83,395.988,-0.00757264
2546.88,-28.067,2518.81,396.221,-0.00757829
2547.15,-28.3836,2518.76,396.262,-0.00759931
2545.59,-26.8686,2518.73,396.021,-0.00761354
2542.6,-23.6506,2518.95,395.555,-0.00752532
2541.19,-22.1008,2519.09,395.336,-0.00746896
2542.56,-23.8185,2518.75,395.55,-0.00760541
2543.48,-24.7718,2518.71,395.693,-0.00761867
2543.02,-24.1004,2518.92,395.621,-0.00753583
2543.35,-24.3576,2518.99,395.672,-0.0075082
2545.2,-26.3429,2518.86,395.96,-0.00756014
2547.01,-28.1968,2518.82,396.242,-0.00757762
2547.77,-28.9124,2518.86,396.36,-0.00756044
2547.19,-28.3475,2518.84,396.269,-0.00756751
2545.91,-26.9696,2518.94,396.071,-0.00752785
2545.45,-26.4875,2518.97,395.999,-0.00751871
2546.08,-27.197,2518.88,396.096,-0.00755196
2546.78,-27.9577,2518.82,396.205,-0.0075768
2546.52,-27.7498,2518.77,396.165,-0.00759508
2544.5,-25.8421,2518.66,395.85,-0.00764109
2539.5,-20.9614,2518.54,395.073,-0.0076878
2531.91,-13.3276,2518.58,393.892,-0.00766946
2529.74,-11.0314,2518.71,393.554,-0.00762062
2533.99,-15.7791,2518.21,394.215,-0.00781805
2538.54,-20.2836,2518.26,394.924,-0.00779737
2541.65,-23.3291,2518.32,395.407,-0.00777483
2543.49,-25.1276,2518.36,395.693,-0.00775782
2544.36,-25.958,2518.4,395.828,-0.00774266
2544.61,-26.1869,2518.42,395.868,-0.00773337
2544.51,-26.0748,2518.43,395.852,-0.00772924
2544.18,-25.7446,2518.43,395.801,-0.00772816
2543.66,-25.2293,2518.43,395.721,-0.00772857
2542.95,-24.5189,2518.43,395.61,-0.00772938
2542.03,-23.5977,2518.43,395.466,-0.00772932
2540.92,-22.4863,2518.44,395.294,-0.00772706
2539.74,-21.2863,2518.45,395.11,-0.00772203
2538.66,-20.1928,2518.46,394.942,-0.00771662
2537.87,-19.4065,2518.47,394.82,-0.00771543
2537.44,-18.9816,2518.45,394.752,-0.00772054
2537.19,-18.7616,2518.43,394.714,-0.00772864
2536.91,-18.4912,2518.42,394.67,-0.007734
2536.45,-18.0255,2518.43,394.599,-0.00773119
2535.97,-17.5149,2518.45,394.524,-0.00772025
2535.84,-17.3645,2518.47,394.503,-0.00771309
2536.27,-17.8117,2518.46,394.57,-0.0077191
2537.06,-18.6232,2518.43,394.693,-0.00772872
2537.83,-19.4011,2518.42,394.812,-0.00773192
2538.38,-19.9494,2518.43,394.899,-0.00772977
2538.72,-20.2802,2518.44,394.951,-0.00772647
2538.92,-20.4737,2518.44,394.982,-0.00772459
2539.02,-20.5787,2518.44,394.998,-0.00772607
2538.96,-20.5378,2518.42,394.988,-0.00773482
2538.41,-20.0563,2518.35,394.903,-0.00775964
2536.59,-18.3568,2518.23,394.62,-0.00780689
2532.57,-14.3257,2518.25,393.995,-0.00780228
2528.45,-9.70245,2518.75,393.354,-0.00760341
2529.6,-11.0683,2518.53,393.532,-0.00769125
2534.15,-15.9642,2518.19,394.241,-0.00782437
2537.14,-18.8546,2518.28,394.705,-0.00778779
2538.21,-19.8249,2518.38,394.872,-0.00774874
2538.39,-19.9731,2518.42,394.901,-0.00773337
2538.24,-19.8134,2518.43,394.877,-0.00773142
2537.86,-19.4446,2518.42,394.818,-0.0077346
2537.23,-18.8209,2518.41,394.72,-0.00773741
2536.34,-17.9376,2518.4,394.582,-0.00773978
2535.19,-16.7996,2518.39,394.403,-0.00774411
2533.98,-15.5338,2518.45,394.215,-0.00772235
2533.64,-15.1019,2518.54,394.161,-0.0076877
2534.98,-16.5288,2518.45,394.37,-0.0077203
2537.1,-18.7484,2518.35,394.699,-0.00776156
2538.58,-20.2228,2518.35,394.929,-0.00776056
2539.11,-20.7248,2518.39,395.013,-0.00774601
2539.06,-20.6417,2518.41,395.004,-0.00773606
2538.74,-20.3111,2518.43,394.955,-0.00773029
2538.42,-19.9764,2518.45,394.906,-0.00772281
2538.42,-19.9542,2518.47,394.905,-0.00771502
2538.99,-20.5279,2518.47,394.994,-0.00771558
2540.09,-21.6479,2518.44,395.165,-0.00772441
2541.4,-22.9695,2518.43,395.368,-0.00773139
2542.6,-24.181,2518.42,395.556,-0.00773325
2543.57,-25.1528,2518.42,395.707,-0.00773317
2544.27,-25.8522,2518.42,395.815,-0.0077337
2544.67,-26.2523,2518.42,395.877,-0.00773509
2544.73,-26.3187,2518.41,395.887,-0.00773595
2544.48,-26.0658,2518.42,395.848,-0.00773496
2543.99,-25.5681,2518.42,395.771,-0.00773429
2543.29,-24.8844,2518.41,395.663,-0.00773923
2542.3,-23.9192,2518.38,395.509,-0.00774896
2540.86,-22.4749,2518.38,395.284,-0.00774923
2539.19,-20.7448,2518.44,395.024,-0.00772569
2538.26,-19.7384,2518.52,394.879,-0.00769517
2539.03,-20.5611,2518.47,395,-0.00771409
2540.84,-22.5666,2518.27,395.281,-0.00779318
2541.07,-23.0564,2518.02,395.318,-0.00789256
2537.15,-19.1217,2518.03,394.708,-0.00788721
2532.34,-13.4534,2518.88,393.959,-0.00755081
2534.53,-16.2473,2518.28,394.3,-0.00778767
2539.28,-21.2296,2518.05,395.039,-0.00787782
2541.23,-22.9254,2518.31,395.343,-0.00777778
2542,-23.5529,2518.45,395.462,-0.00772316
2543.28,-24.8275,2518.45,395.66,-0.00772265
2545.12,-26.7252,2518.4,395.948,-0.00774276
2546.83,-28.4668,2518.36,396.213,-0.00775731
2547.79,-29.4354,2518.35,396.362,-0.00776111
2547.79,-29.4305,2518.36,396.363,-0.00775763
2546.96,-28.5817,2518.38,396.234,-0.00774996
2545.62,-27.2246,2518.4,396.026,-0.00774218
2544.18,-25.7554,2518.42,395.8,-0.00773338
2543.11,-24.6494,2518.46,395.634,-0.00771813
2542.98,-24.5095,2518.47,395.614,-0.00771584
2543.8,-25.3954,2518.4,395.742,-0.00774021
2544.76,-26.432,2518.33,395.892,-0.00776881
2544.85,-26.5677,2518.29,395.906,-0.00778687
2543.59,-25.276,2518.31,395.708,-0.00777754
2541.66,-23.2258,2518.43,395.408,-0.00772982
2540.69,-22.2614,2518.43,395.258,-0.00773069
2540.58,-22.399,2518.18,395.241,-0.00782885
2538.62,-20.5887,2518.03,394.935,-0.00788885
2534.21,-15.7582,2518.45,394.25,-0.00772065
2533.26,-14.5133,2518.75,394.102,-0.00760579
2538.38,-20.1484,2518.23,394.898,-0.00780912
2544.55,-25.7087,2518.84,395.859,-0.00756716
2547.81,-28.8679,2518.94,396.366,-0.00752804
2549.32,-30.3114,2519.01,396.6,-0.00750315
2549.74,-30.6948,2519.04,396.665,-0.00748942
2549.48,-30.4214,2519.06,396.626,-0.00748113
2548.83,-29.7522,2519.08,396.524,-0.00747512
2547.98,-28.892,2519.09,396.392,-0.00746995
2547.13,-28.0258,2519.1,396.259,-0.00746605
2546.4,-27.2962,2519.1,396.146,-0.00746432
2545.88,-26.7724,2519.11,396.065,-0.00746349
2545.6,-26.4905,2519.11,396.022,-0.00746147
2545.63,-26.5114,2519.11,396.026,-0.0074601
2545.97,-26.8615,2519.11,396.079,-0.00746388
2546.46,-27.3907,2519.07,396.156,-0.00747636
2546.63,-27.641,2518.99,396.182,-0.00750999
2545.13,-26.4007,2518.73,395.949,-0.00761249
2538.78,-20.4539,2518.33,394.961,-0.00777026
2528.85,-8.99806,2519.86,393.417,-0.00716778
2531.34,-12.4804,2518.85,393.803,-0.00756259
2540.23,-21.8454,2518.39,395.187,-0.00774606
2543.55,-24.7381,2518.81,395.703,-0.0075789
2543.79,-24.8093,2518.98,395.74,-0.00751435
2543.27,-24.2515,2519.02,395.659,-0.00749861
2542.69,-23.6658,2519.02,395.569,-0.00749615
2542.19,-23.1704,2519.02,395.492,-0.00749734
2541.77,-22.7547,2519.01,395.426,-0.00749998
2541.38,-22.37,2519.01,395.365,-0.00750141
2541.03,-22.0169,2519.01,395.31,-0.00750179
2540.7,-21.7226,2518.97,395.259,-0.00751557
2539.87,-21.0344,2518.83,395.13,-0.00757101
2537.08,-18.3777,2518.7,394.696,-0.00762355
2532.93,-13.7099,2519.22,394.05,-0.00742028
2533.73,-14.5454,2519.19,394.176,-0.00743076
2539.2,-20.5297,2518.67,395.026,-0.00763568
2542.68,-23.8967,2518.78,395.567,-0.00759118
2543.37,-24.4523,2518.92,395.676,-0.00753645
2542.76,-23.7839,2518.97,395.58,-0.00751538
2541.6,-22.6413,2518.96,395.4,-0.00752062
2539.76,-20.9015,2518.86,395.114,-0.00755991
2536.12,-17.4328,2518.69,394.548,-0.00762718
2530.18,-11.2025,2518.97,393.622,-0.00751547
2527.9,-8.37006,2519.53,393.268,-0.00729631
2533.6,-14.8932,2518.71,394.156,-0.00761896
2539.39,-20.7226,2518.66,395.055,-0.00763781
2541.39,-22.5592,2518.83,395.367,-0.00757212
2540.83,-21.9143,2518.92,395.28,-0.00753825
2538.92,-19.9506,2518.97,394.982,-0.00751837
2536.53,-17.4988,2519.03,394.611,-0.0074935
2534.67,-15.57,2519.1,394.321,-0.00746626
2534.28,-15.1605,2519.12,394.26,-0.00746001
2535.51,-16.4497,2519.06,394.452,-0.00748181
2537.6,-18.6043,2518.99,394.777,-0.00750779
2539.56,-20.5936,2518.96,395.082,-0.00752023
2540.81,-21.8469,2518.96,395.276,-0.00752087
2541.22,-22.2477,2518.97,395.34,-0.00751702
2540.88,-21.8967,2518.98,395.288,-0.00751137
2540.03,-21.0187,2519.01,395.156,-0.00750057
2539.11,-20.055,2519.05,395.012,-0.00748378
2538.71,-19.6285,2519.08,394.95,-0.00747443
2539.12,-20.063,2519.06,395.014,-0.0074833
2540.06,-21.0418,2519.02,395.16,-0.00749728
2541.02,-22.0225,2519,395.31,-0.0075053
2541.62,-22.6442,2518.98,395.403,-0.00751308
2541.52,-22.5933,2518.93,395.388,-0.00753294
2540.09,-21.2477,2518.84,395.165,-0.00756754
2536.78,-17.8821,2518.9,394.65,-0.00754547
2533.67,-14.3722,2519.3,394.166,-0.00738832
2534.84,-15.7451,2519.1,394.349,-0.00746614
2538.61,-19.7988,2518.81,394.935,-0.00757838
2540.98,-22.111,2518.87,395.304,-0.0075551
2541.6,-22.6367,2518.97,395.4,-0.00751823
2541.49,-22.4667,2519.02,395.383,-0.00749613
2541.41,-22.3621,2519.04,395.369,-0.00748791
2541.66,-22.6179,2519.04,395.409,-0.00748921
2542.22,-23.1841,2519.03,395.495,-0.00749274
2542.93,-23.9103,2519.02,395.607,-0.0074962
2543.65,-24.6426,2519.01,395.719,-0.00750236
2544.14,-25.1564,2518.98,395.794,-0.00751312
2544.04,-25.1029,2518.94,395.78,-0.00752823
2542.94,-24.0411,2518.9,395.609,-0.00754374
2540.54,-21.6379,2518.9,395.234,-0.00754467
2537.16,-18.1984,2518.96,394.709,-0.00751945
2534.01,-14.9541,2519.06,394.219,-0.00748343
2532.08,-13.0837,2519,393.919,-0.0075063
2531.5,-12.5898,2518.91,393.829,-0.0075394
2531.83,-12.8781,2518.95,393.879,-0.00752567
2533.21,-14.2364,2518.97,394.094,-0.00751562
2535.72,-16.7908,2518.93,394.485,-0.00753342
2538.41,-19.4347,2518.98,394.904,-0.00751333
2540.76,-21.8206,2518.94,395.269,-0.00752883
2542.49,-23.5435,2518.94,395.537,-0.00752826
2543.33,-24.3634,2518.97,395.669,-0.00751787
2543.47,-24.4785,2518.99,395.691,-0.00750814
2543.17,-24.1623,2519.01,395.644,-0.00750106
2542.63,-23.6108,2519.02,395.56,-0.00749788
2541.95,-22.9244,2519.02,395.454,-0.00749561
2541.21,-22.1811,2519.03,395.339,-0.00749344
2540.49,-21.4587,2519.04,395.228,-0.00749122
2539.88,-20.8372,2519.04,395.132,-0.00748943
2539.42,-20.3792,2519.04,395.061,-0.00748877
2538.76,-20.1049,2518.65,394.957,-0.00764316
2538.63,-19.9854,2518.65,394.938,-0.00764487
2538.6,-19.9569,2518.64,394.933,-0.00764698
2538.58,-19.9414,2518.63,394.929,-0.00764941
2538.48,-19.8526,2518.63,394.914,-0.00765257
2538.2,-19.588,2518.62,394.871,-0.00765674
2537.63,-19.0285,2518.61,394.783,-0.00766047
2536.72,-18.1079,2518.61,394.64,-0.00765811
2535.67,-17.0165,2518.65,394.477,-0.00764324
2535.05,-16.3607,2518.69,394.381,-0.00762702
2535.39,-16.7125,2518.68,394.433,-0.00763312
2536.49,-17.8625,2518.63,394.605,-0.00765154
2537.73,-19.1241,2518.61,394.798,-0.00766002
2538.7,-20.0902,2518.61,394.949,-0.00765891
2539.33,-20.7116,2518.62,395.046,-0.00765611
2539.66,-21.0452,2518.62,395.098,-0.00765585
2539.7,-21.0907,2518.61,395.104,-0.00765973
2539.32,-20.7295,2518.59,395.044,-0.00766808
2538.29,-19.7316,2518.56,394.885,-0.00767739
2536.5,-17.927,2518.57,394.606,-0.00767358
2534.37,-15.7169,2518.65,394.275,-0.00764192
2533.11,-14.3966,2518.72,394.079,-0.00761684
2533.54,-14.8749,2518.67,394.146,-0.00763595
2535.14,-16.5215,2518.61,394.394,-0.0076571
2537.03,-18.4246,2518.6,394.688,-0.00766162
2538.81,-20.204,2518.6,394.965,-0.00766167
2540.32,-21.7182,2518.6,395.201,-0.00766153
2541.49,-22.8835,2518.61,395.383,-0.00766032
2542.29,-23.6797,2518.61,395.507,-0.00765833
2542.75,-24.1368,2518.62,395.579,-0.00765679
2542.91,-24.2893,2518.62,395.603,-0.00765649
2542.76,-24.1468,2518.61,395.58,-0.00765718
2542.32,-23.7038,2518.61,395.511,-0.00765733
2541.61,-22.9927,2518.62,395.402,-0.00765421
2540.82,-22.1756,2518.64,395.278,-0.00764633
2540.24,-21.5795,2518.66,395.189,-0.00763753
2540.22,-21.5461,2518.67,395.185,-0.00763483
2540.84,-22.1869,2518.66,395.282,-0.00764031
2541.93,-23.3026,2518.63,395.452,-0.00765057
2543.1,-24.5019,2518.6,395.634,-0.00766174
2543.92,-25.3507,2518.57,395.76,-0.00767527
2543.85,-25.3503,2518.5,395.75,-0.00770125
2542.07,-23.6806,2518.39,395.473,-0.00774489
2537.95,-19.4758,2518.47,394.832,-0.00771289
2534.5,-15.5133,2518.99,394.295,-0.00751032
2536.85,-18.2234,2518.63,394.661,-0.0076505
2541.94,-23.5612,2518.37,395.452,-0.00775192
2545.12,-26.6347,2518.48,395.947,-0.00770985
2546.39,-27.8156,2518.57,396.145,-0.00767363
2546.76,-28.1414,2518.62,396.202,-0.00765696
2546.8,-28.1613,2518.63,396.208,-0.00764965
2546.76,-28.1166,2518.64,396.202,-0.00764632
2546.75,-28.1053,2518.64,396.201,-0.00764527
2546.8,-28.1605,2518.64,396.209,-0.00764586
2546.9,-28.2634,2518.64,396.225,-0.0076475
2547,-28.3682,2518.63,396.24,-0.00764952
2547.04,-28.4151,2518.63,396.247,-0.00765119
2546.98,-28.349,2518.63,396.236,-0.00765243
2546.76,-28.1368,2518.62,396.203,-0.00765316
2546.39,-27.7671,2518.62,396.145,-0.00765343
2545.87,-27.2508,2518.62,396.065,-0.00765354
2545.23,-26.6109,2518.62,395.965,-0.00765367
2544.51,-25.8811,2518.63,395.852,-0.00765175
2543.83,-25.1795,2518.65,395.746,-0.00764353
2543.5,-24.8276,2518.68,395.696,-0.00763282
2543.85,-25.1787,2518.67,395.75,-0.00763485
2544.79,-26.1539,2518.63,395.896,-0.00764963
2545.86,-27.2551,2518.6,396.062,-0.00766123
2546.66,-28.063,2518.59,396.186,-0.00766573
2546.97,-28.3849,2518.58,396.234,-0.00767044
2546.59,-28.0414,2518.55,396.176,-0.00768299
2545.17,-26.6696,2518.5,395.955,-0.00770202
2542.42,-23.9005,2518.52,395.527,-0.00769582
2539.29,-20.5826,2518.7,395.04,-0.00762249
2538.34,-19.5758,2518.76,394.892,-0.00759955
2540.3,-21.724,2518.57,395.197,-0.00767382
2542.89,-24.4261,2518.47,395.601,-0.00771478
2544.24,-25.763,2518.48,395.81,-0.00771217
2544.08,-25.5282,2518.55,395.785,-0.00768361
2543.27,-24.6313,2518.64,395.659,-0.00764822
2542.99,-24.3064,2518.68,395.616,-0.00762955
2543.86,-25.1984,2518.66,395.751,-0.00763952
2545.52,-26.9114,2518.61,396.009,-0.00766065
2547.18,-28.5922,2518.59,396.267,-0.00766871
2548.38,-29.7809,2518.59,396.454,-0.0076652
2549.07,-30.4655,2518.61,396.562,-0.00765996
2549.38,-30.7644,2518.61,396.61,-0.00765722
2549.37,-30.7515,2518.61,396.608,-0.00765738
2549.03,-30.4203,2518.61,396.555,-0.00766002
2548.29,-29.6969,2518.6,396.441,-0.00766385
2547.09,-28.4921,2518.6,396.253,-0.00766487
2545.48,-26.8553,2518.62,396.003,-0.00765497
2543.91,-25.2367,2518.68,395.76,-0.00763246
2543.16,-24.458,2518.71,395.643,-0.00762098
2543.58,-24.9191,2518.67,395.708,-0.00763708
2544.67,-26.0738,2518.59,395.877,-0.00766497
2545.6,-27.0359,2518.56,396.021,-0.00767819
2545.82,-27.2744,2518.54,396.056,-0.00768581
2545.07,-26.5296,2518.54,395.939,-0.00768761
2543.41,-24.8433,2518.56,395.681,-0.00767698
2536.98,-22.7449,2514.23,394.68,-0.00938386
2535.29,-21.0237,2514.27,394.418,-0.00937078
2534.68,-20.373,2514.3,394.322,-0.00935632
2535.56,-21.3019,2514.26,394.461,-0.00937206
2537.31,-23.1589,2514.15,394.732,-0.00941562
2538.36,-24.2915,2514.07,394.895,-0.00944955
2537.43,-23.4004,2514.03,394.751,-0.00946409
2534.6,-20.3961,2514.2,394.31,-0.00939563
2532.75,-18.2935,2514.46,394.023,-0.00929498
2534.44,-20.2189,2514.22,394.286,-0.00938802
2537.33,-23.2351,2514.1,394.735,-0.00943789
2538.99,-24.8306,2514.16,394.993,-0.00941346
2539.47,-25.2568,2514.22,395.069,-0.00939049
2539.39,-25.1494,2514.24,395.055,-0.00938195
2539.01,-24.7765,2514.23,394.997,-0.00938349
2538.36,-24.1426,2514.22,394.895,-0.00939023
2537.27,-23.0685,2514.2,394.726,-0.00939581
2535.72,-21.4825,2514.23,394.484,-0.00938309
2534.37,-20.0504,2514.32,394.275,-0.00935011
2534.29,-19.9682,2514.32,394.263,-0.00934751
2535.56,-21.3169,2514.24,394.459,-0.00938114
2537.11,-22.9082,2514.2,394.701,-0.00939718
2538.18,-23.9748,2514.21,394.868,-0.0093929
2538.73,-24.5021,2514.23,394.953,-0.00938525
2538.93,-24.6935,2514.24,394.984,-0.00938165
2538.89,-24.6633,2514.23,394.979,-0.00938409
2538.55,-24.341,2514.21,394.925,-0.0093939
2537.6,-23.4331,2514.16,394.777,-0.00941135
2535.6,-21.4768,2514.13,394.467,-0.00942521
2532.56,-18.3605,2514.2,393.993,-0.00939798
2529.92,-15.5413,2514.38,393.583,-0.00932526
2530.14,-15.7367,2514.41,393.617,-0.00931481
2533.55,-19.3316,2514.22,394.147,-0.00939043
2537.73,-23.6198,2514.11,394.797,-0.00943342
2540.73,-26.5932,2514.13,395.264,-0.0094229
2542.34,-28.1508,2514.18,395.514,-0.00940251
2543.02,-28.8051,2514.22,395.621,-0.00938936
2543.19,-28.9553,2514.23,395.647,-0.0093828
2543.06,-28.8199,2514.24,395.627,-0.00937945
2542.77,-28.5184,2514.25,395.581,-0.00937801
2542.36,-28.112,2514.24,395.517,-0.00937934
2541.81,-27.5805,2514.23,395.433,-0.00938341
2541.06,-26.8315,2514.22,395.315,-0.009387
2540.03,-25.8069,2514.22,395.155,-0.00938798
2538.77,-24.548,2514.22,394.959,-0.00938985
2537.35,-23.1327,2514.22,394.739,-0.00938842
2536.13,-21.863,2514.26,394.548,-0.00937104
2535.75,-21.4818,2514.27,394.49,-0.00936802
2536.31,-22.1075,2514.21,394.577,-0.00939385
2537.04,-22.8466,2514.19,394.69,-0.00940038
2537.2,-22.9859,2514.21,394.715,-0.00939216
2537.15,-22.8854,2514.26,394.707,-0.00937145
2537.7,-23.4349,2514.26,394.793,-0.00937169
2538.8,-24.5678,2514.23,394.964,-0.00938364
2540,-25.7812,2514.21,395.15,-0.00939102
2540.92,-26.7097,2514.21,395.294,-0.00939124
2541.48,-27.2582,2514.22,395.381,-0.00938866
2541.69,-27.4663,2514.22,395.414,-0.00938684
2541.6,-27.3762,2514.22,395.4,-0.0093872
2541.2,-26.9797,2514.22,395.337,-0.00938932
2540.45,-26.2347,2514.22,395.221,-0.00939048
2539.39,-25.1655,2514.23,395.056,-0.0093862
2538.25,-24.004,2514.25,394.879,-0.00937668
2537.4,-23.1412,2514.26,394.746,-0.0093735
2536.96,-22.7262,2514.23,394.677,-0.00938427
2536.63,-22.4354,2514.2,394.627,-0.00939769
2536.05,-21.8568,2514.19,394.536,-0.00939996
2535.2,-20.9825,2514.22,394.404,-0.00938854
2534.54,-20.2833,2514.26,394.302,-0.00937315
2534.62,-20.3398,2514.28,394.314,-0.00936519
2535.67,-21.406,2514.27,394.477,-0.00937085
2537.44,-23.2114,2514.23,394.753,-0.00938401
2539.4,-25.1921,2514.21,395.058,-0.00939282
2541.12,-26.9102,2514.21,395.324,-0.00939398
2542.42,-28.2086,2514.22,395.528,-0.00939048
2543.35,-29.1278,2514.23,395.673,-0.00938618
2544.01,-29.7728,2514.23,395.774,-0.00938365
2544.44,-30.2113,2514.23,395.842,-0.00938426
2544.64,-30.422,2514.22,395.873,-0.0093887
2544.47,-30.2717,2514.2,395.846,-0.00939715
2543.7,-29.5252,2514.17,395.726,-0.00940643
2542.17,-27.9906,2514.18,395.488,-0.00940502
2540.18,-25.9324,2514.24,395.178,-0.00937949
2538.74,-24.4206,2514.32,394.954,-0.0093507
2538.8,-24.5261,2514.28,394.964,-0.00936662
2539.91,-25.7556,2514.15,395.136,-0.00941625
2540.54,-26.4558,2514.09,395.235,-0.00944165
2539.98,-25.8294,2514.15,395.148,-0.00941507
2539.17,-24.8968,2514.28,395.022,-0.00936684
2539.69,-25.3742,2514.31,395.102,-0.00935247
2542,-27.753,2514.24,395.461,-0.00937938
2545.1,-30.9477,2514.15,395.944,-0.00941494
2547.62,-33.4953,2514.13,396.337,-0.00942471
2548.93,-34.78,2514.15,396.54,-0.00941727
2549.09,-34.9168,2514.18,396.565,-0.00940607
2548.5,-34.2919,2514.21,396.473,-0.00939277
2547.66,-33.4192,2514.24,396.342,-0.00938147
2546.98,-32.7384,2514.24,396.236,-0.00938104
2546.54,-32.3117,2514.23,396.168,-0.00938567
2546.23,-31.9969,2514.23,396.12,-0.00938377
2538.86,-31.8209,2507.04,394.974,-0.0122161
2538.93,-31.8873,2507.04,394.984,-0.0122159
2539.23,-32.1961,2507.04,395.032,-0.0122184
2539.68,-32.6508,2507.03,395.101,-0.012222
2540.14,-33.1137,2507.02,395.172,-0.0122236
2540.53,-33.5073,2507.03,395.234,-0.0122229
2540.86,-33.8314,2507.03,395.284,-0.0122228
2541.1,-34.0761,2507.02,395.322,-0.0122236
2541.25,-34.2202,2507.03,395.345,-0.0122228
2541.33,-34.302,2507.03,395.357,-0.0122234
2541.29,-34.304,2506.99,395.351,-0.0122389
2540.59,-33.7198,2506.87,395.243,-0.0122833
2537.99,-31.2412,2506.75,394.838,-0.0123336
2533.18,-26.1787,2507,394.089,-0.0122339
2530.61,-23.2673,2507.34,393.69,-0.0120977
2533.38,-26.5138,2506.87,394.121,-0.0122862
2536.81,-29.9983,2506.81,394.654,-0.0123092
2538.3,-31.3675,2506.93,394.886,-0.012261
2538.67,-31.6663,2507,394.943,-0.0122338
2538.73,-31.7085,2507.02,394.952,-0.0122268
2538.73,-31.7119,2507.02,394.954,-0.0122251
2538.77,-31.7375,2507.04,394.96,-0.0122188
2539.01,-31.9578,2507.05,394.996,-0.0122139
2539.51,-32.4727,2507.04,395.075,-0.012217
2540.16,-33.1269,2507.03,395.175,-0.0122221
2540.71,-33.6824,2507.03,395.261,-0.0122233
2541.06,-34.0302,2507.03,395.315,-0.0122221
2541.19,-34.1619,2507.03,395.336,-0.0122215
2541.1,-34.0731,2507.03,395.322,-0.012222
2540.77,-33.7384,2507.03,395.27,-0.0122227
2540.17,-33.1406,2507.03,395.177,-0.0122223
2539.35,-32.3155,2507.03,395.05,-0.0122197
2538.44,-31.39,2507.05,394.908,-0.0122142
2537.66,-30.5964,2507.07,394.787,-0.0122074
2537.27,-30.2001,2507.07,394.727,-0.0122045
2537.37,-30.3118,2507.06,394.742,-0.0122105
2537.76,-30.7281,2507.03,394.802,-0.0122224
2538.05,-31.0451,2507.01,394.848,-0.0122305
2538.01,-30.9979,2507.01,394.841,-0.012228
2537.73,-30.6897,2507.04,394.797,-0.0122189
2537.48,-30.4405,2507.04,394.759,-0.0122166
2537.36,-30.341,2507.02,394.74,-0.0122262
2537.07,-30.0834,2506.98,394.694,-0.0122401
2536.16,-29.2105,2506.95,394.553,-0.0122529
2534.33,-27.3841,2506.95,394.269,-0.0122531
2531.93,-24.8817,2507.04,393.895,-0.0122158
2530.41,-23.2607,2507.15,393.659,-0.0121733
2531.02,-23.9441,2507.07,393.753,-0.0122044
2532.86,-25.8832,2506.97,394.04,-0.0122433
2534.45,-27.4766,2506.97,394.287,-0.0122445
2535.35,-28.3474,2507,394.427,-0.0122334
2535.74,-28.72,2507.02,394.488,-0.0122254
2535.84,-28.8135,2507.03,394.504,-0.0122211
2535.79,-28.7462,2507.04,394.495,-0.0122176
2535.66,-28.6111,2507.05,394.476,-0.0122135
2535.57,-28.5113,2507.06,394.461,-0.0122107
2535.57,-28.5147,2507.06,394.462,-0.0122108
2535.65,-28.6035,2507.05,394.475,-0.0122133
2535.73,-28.6852,2507.05,394.487,-0.0122155
2535.69,-28.6584,2507.04,394.481,-0.0122195
2535.43,-28.4062,2507.03,394.44,-0.0122234
2534.83,-27.8108,2507.02,394.346,-0.0122273
2533.8,-26.7857,2507.02,394.186,-0.0122275
2532.42,-25.384,2507.03,393.971,-0.012221
2530.9,-23.8601,2507.04,393.735,-0.0122179
2529.38,-22.3741,2507.01,393.499,-0.0122297
2527.74,-20.732,2507.01,393.243,-0.0122314
2526.32,-19.2195,2507.11,393.023,-0.0121919
2526.46,-19.3147,2507.14,393.044,-0.0121765
2528.47,-21.4607,2507,393.356,-0.0122314
2530.71,-23.7833,2506.93,393.706,-0.012262
2531.86,-24.9151,2506.95,393.885,-0.0122536
2531.88,-24.8852,2506.99,393.887,-0.0122361
2531.24,-24.216,2507.03,393.788,-0.0122231
2530.38,-23.3511,2507.03,393.655,-0.0122204
2529.46,-22.432,2507.03,393.511,-0.0122235
2528.47,-21.4411,2507.03,393.357,-0.0122207
2527.59,-20.5466,2507.05,393.221,-0.0122147
2527.04,-19.9967,2507.04,393.134,-0.012217
2526.82,-19.7808,2507.04,393.1,-0.0122187
2526.93,-19.8766,2507.05,393.117,-0.0122128
2527.48,-20.4373,2507.04,393.203,-0.0122174
2528.24,-21.2526,2506.98,393.321,-0.0122395
2528.47,-21.5433,2506.93,393.357,-0.0122622
2527.46,-20.5528,2506.91,393.2,-0.0122695
2525.15,-18.1849,2506.96,392.84,-0.012248
2522.54,-15.4538,2507.08,392.434,-0.0122005
2521.34,-14.1791,2507.16,392.248,-0.0121695
2522.41,-15.3485,2507.07,392.415,-0.0122075
2524.53,-17.5984,2506.93,392.744,-0.012261
2525.86,-18.9414,2506.92,392.952,-0.0122639
2525.94,-18.9579,2506.98,392.964,-0.0122399
2525.35,-18.3063,2507.04,392.872,-0.0122158
2524.84,-17.7598,2507.08,392.792,-0.0122027
2524.82,-17.7461,2507.08,392.79,-0.0122029
2525.3,-18.238,2507.06,392.863,-0.0122108
2525.97,-18.935,2507.04,392.969,-0.0122182
2526.57,-19.5426,2507.03,393.062,-0.012221
2526.95,-19.9187,2507.03,393.121,-0.0122199
2527.1,-20.0626,2507.04,393.144,-0.0122172
2539.02,-20.041,2518.98,394.998,-0.00751518
2538.9,-19.9255,2518.98,394.98,-0.00751365
2538.74,-19.7635,2518.98,394.955,-0.0075129
2538.56,-19.5812,2518.98,394.927,-0.00751243
2538.38,-19.3953,2518.98,394.898,-0.00751193
2538.2,-19.2202,2518.98,394.871,-0.00751152
2538.05,-19.0678,2518.98,394.848,-0.00751142
2537.92,-18.9402,2518.98,394.828,-0.00751188
2537.82,-18.8414,2518.98,394.812,-0.00751313
2537.71,-18.7365,2518.98,394.795,-0.00751463
2537.54,-18.5631,2518.97,394.767,-0.00751625
2537.24,-18.2789,2518.97,394.722,-0.0075188
2536.74,-17.8078,2518.94,394.644,-0.00753063
2535.53,-16.733,2518.8,394.455,-0.00758541
2531.63,-13.2203,2518.41,393.848,-0.00773856
2522.55,-3.83859,2518.71,392.436,-0.00761901
2518.76,1.10882,2519.87,391.847,-0.00716217
2527.68,-9.36443,2518.32,393.234,-0.00777493
2534.2,-15.5267,2518.67,394.248,-0.00763591
2536.21,-17.2583,2518.95,394.561,-0.00752433
2536.97,-17.9514,2519.02,394.679,-0.00749846
2537.51,-18.5227,2518.99,394.764,-0.00750993
2537.53,-18.5986,2518.93,394.766,-0.00753322
2536.37,-17.4726,2518.89,394.586,-0.00754697
2534.05,-15.0579,2519,394.226,-0.00750721
2532.27,-13.1506,2519.12,393.948,-0.00745992
2532.31,-13.3543,2518.96,393.954,-0.00752299
2532.85,-13.9301,2518.92,394.039,-0.00753498
2533.4,-14.3367,2519.06,394.124,-0.00748147
2534.93,-15.9268,2519.01,394.362,-0.00750275
2536.84,-17.9236,2518.92,394.66,-0.00753658
2537.89,-18.9427,2518.94,394.822,-0.00752702
2538.05,-19.0396,2519.01,394.848,-0.00750073
2538.08,-19.0213,2519.06,394.852,-0.00748222
2538.55,-19.4911,2519.06,394.925,-0.007483
2539.43,-20.4061,2519.03,395.063,-0.00749415
2540.35,-21.3415,2519,395.204,-0.00750384
2540.88,-21.902,2518.98,395.288,-0.00751263
2540.71,-21.7612,2518.95,395.262,-0.00752403
2539.56,-20.6134,2518.95,395.082,-0.00752594
2537.72,-18.665,2519.06,394.796,-0.00748299
2536.77,-17.5853,2519.19,394.648,-0.00743237
2538.01,-18.9371,2519.07,394.841,-0.00747624
2540.34,-21.3802,2518.96,395.203,-0.00752233
2542.13,-23.1686,2518.96,395.481,-0.00752231
2543,-24.0114,2518.99,395.617,-0.0075109
2543.19,-24.1811,2519.01,395.647,-0.00750291
2542.95,-23.9265,2519.02,395.609,-0.00749714
2542.49,-23.4515,2519.04,395.538,-0.00749041
2542.05,-22.9956,2519.06,395.47,-0.00748333
2541.87,-22.8034,2519.06,395.441,-0.00748041
2542.03,-22.9761,2519.06,395.467,-0.00748351
2542.45,-23.4125,2519.04,395.533,-0.00748869
2542.97,-23.934,2519.03,395.612,-0.00749211
2543.44,-24.4108,2519.03,395.686,-0.00749368
2543.8,-24.7762,2519.03,395.742,-0.00749486
2544.02,-25.0029,2519.02,395.777,-0.00749674
2544.04,-25.0287,2519.01,395.78,-0.00749969
2543.76,-24.7522,2519.01,395.735,-0.00750272
2543.14,-24.1264,2519.01,395.639,-0.00750138
2542.35,-23.3066,2519.04,395.516,-0.00748872
2541.94,-22.8484,2519.09,395.452,-0.00747053
2542.5,-23.4165,2519.09,395.54,-0.00747118
2544.02,-24.9838,2519.04,395.777,-0.00748944
2545.88,-26.8692,2519.01,396.065,-0.00750109
2547.55,-28.5422,2519.01,396.325,-0.00750234
2548.85,-29.8463,2519.01,396.528,-0.00750289
2549.69,-30.7072,2518.98,396.658,-0.00751308
2549.65,-30.7601,2518.89,396.652,-0.00754811
2547.53,-28.8529,2518.67,396.321,-0.00763437
2540.79,-22.4322,2518.36,395.274,-0.00775752
2528.66,-9.70681,2518.95,393.386,-0.00752538
2522.9,-2.92863,2519.97,392.491,-0.00712151
2531.87,-13.2584,2518.61,393.885,-0.00766031
2542.04,-23.5824,2518.46,395.469,-0.00771729
2546.47,-27.7933,2518.68,396.157,-0.00763325
2546.28,-27.4791,2518.81,396.128,-0.00758196
2543.4,-24.4474,2518.96,395.68,-0.00752234
2540.53,-21.3113,2519.22,395.234,-0.00741775
2540.81,-21.6303,2519.18,395.276,-0.0074359
2543.81,-24.8536,2518.96,395.743,-0.00752295
2546.74,-27.8121,2518.93,396.2,-0.00753232
2548.54,-29.5568,2518.98,396.479,-0.00751262
2549.48,-30.4652,2519.02,396.626,-0.00749838
2549.97,-30.9351,2519.03,396.702,-0.00749201
2550.19,-31.157,2519.04,396.737,-0.00749042
2550.21,-31.1788,2519.03,396.739,-0.00749297
2549.93,-30.9213,2519.01,396.695,-0.00750201
2549.07,-30.1087,2518.96,396.562,-0.00752074
2547.09,-28.1949,2518.89,396.253,-0.00754763
2543.37,-24.5181,2518.86,395.676,-0.00756214
2538.18,-19.1919,2518.99,394.868,-0.00750871
2534.11,-14.8491,2519.26,394.235,-0.00740182
2534.47,-15.2667,2519.2,394.29,-0.00742687
2538.67,-19.6995,2518.97,394.943,-0.00751829
2543.45,-24.5721,2518.88,395.687,-0.00755386
2546.82,-27.9102,2518.91,396.211,-0.00754237
2548.55,-29.5904,2518.96,396.482,-0.00751944
2549.16,-30.1544,2519.01,396.576,-0.00750133
2549.16,-30.1226,2519.04,396.576,-0.0074905
2538.75,-29.8275,2508.92,394.956,-0.0114762
2538.37,-29.4475,2508.92,394.897,-0.0114755
2537.93,-29.0134,2508.92,394.829,-0.0114774
2537.36,-28.4492,2508.91,394.739,-0.0114818
2536.52,-27.6288,2508.9,394.61,-0.0114864
2535.35,-26.4498,2508.9,394.427,-0.0114842
2534.02,-25.0729,2508.94,394.22,-0.0114676
2533.1,-24.1148,2508.99,394.078,-0.0114502
2533.11,-24.1429,2508.96,394.078,-0.0114595
2533.77,-24.8599,2508.91,394.181,-0.0114825
2534.36,-25.483,2508.88,394.273,-0.0114944
2534.42,-25.5475,2508.87,394.283,-0.0114957
2533.88,-24.997,2508.89,394.199,-0.01149
2533.01,-24.0847,2508.92,394.063,-0.0114756
2532.34,-23.3801,2508.96,393.959,-0.0114602
2532.39,-23.4323,2508.96,393.967,-0.0114628
2533.07,-24.1549,2508.91,394.073,-0.011479
2533.85,-24.9611,2508.89,394.194,-0.011489
2534.31,-25.4223,2508.89,394.266,-0.0114893
2534.37,-25.4671,2508.9,394.274,-0.0114848
2534.15,-25.2307,2508.91,394.24,-0.011479
2533.84,-24.9157,2508.93,394.193,-0.0114747
2533.61,-24.6831,2508.92,394.156,-0.0114754
2533.44,-24.5295,2508.91,394.129,-0.0114824
2533.14,-24.2531,2508.88,394.083,-0.0114917
2532.47,-23.6034,2508.87,393.979,-0.0114978
2531.34,-22.4784,2508.86,393.803,-0.0115006
2529.79,-20.944,2508.84,393.562,-0.0115069
2527.75,-18.9891,2508.76,393.245,-0.0115387
2524.65,-15.9483,2508.7,392.763,-0.0115628
2521.59,-12.4529,2509.13,392.286,-0.0113927
2522.93,-13.9805,2508.95,392.496,-0.0114636
2527.14,-18.508,2508.63,393.15,-0.0115907
2529.81,-21.0247,2508.79,393.566,-0.0115296
2531.27,-22.3904,2508.88,393.793,-0.0114926
2532.46,-23.5895,2508.87,393.977,-0.0114972
2533.21,-24.3559,2508.85,394.094,-0.0115036
2533.2,-24.3513,2508.85,394.093,-0.0115053
2532.31,-23.4652,2508.85,393.955,-0.0115046
2530.65,-21.7705,2508.88,393.696,-0.0114941
2528.75,-19.8009,2508.95,393.401,-0.0114655
2527.67,-18.6649,2509,393.232,-0.0114451
2528.03,-19.0693,2508.96,393.288,-0.0114621
2529.32,-20.4245,2508.9,393.49,-0.0114855
2530.67,-21.7909,2508.88,393.699,-0.0114926
2531.63,-22.7454,2508.88,393.849,-0.0114909
2532.13,-23.2412,2508.89,393.927,-0.0114879
2532.24,-23.3369,2508.9,393.943,-0.011485
2532.03,-23.1214,2508.91,393.911,-0.0114809
2531.66,-22.7403,2508.92,393.854,-0.0114752
2531.33,-22.395,2508.94,393.802,-0.0114706
2531.18,-22.2427,2508.94,393.778,-0.0114709
2531.2,-22.2791,2508.92,393.782,-0.0114755
2531.27,-22.3556,2508.91,393.792,-0.0114809
2531.18,-22.2869,2508.9,393.779,-0.011486
2530.79,-21.906,2508.89,393.718,-0.0114905
2529.98,-21.0967,2508.88,393.592,-0.0114917
2528.79,-19.8904,2508.9,393.407,-0.0114834
2527.62,-18.6671,2508.95,393.224,-0.011465
2527.11,-18.1306,2508.98,393.145,-0.011454
2527.62,-18.6738,2508.94,393.224,-0.011468
2528.69,-19.8194,2508.87,393.392,-0.0114948
2529.43,-20.6113,2508.82,393.507,-0.0115154
2529.04,-20.1965,2508.85,393.446,-0.011506
2527.72,-18.813,2508.91,393.241,-0.0114809
2526.75,-17.7511,2509,393.09,-0.0114448
2527.09,-18.167,2508.93,393.143,-0.0114748
2527.95,-19.131,2508.82,393.276,-0.011518
2528.02,-19.153,2508.86,393.286,-0.0114997
2527.67,-18.6758,2508.99,393.232,-0.0114477
2528.17,-19.1796,2508.99,393.31,-0.0114508
2529.47,-20.5732,2508.89,393.512,-0.0114876
2530.54,-21.6655,2508.87,393.679,-0.0114961
2530.91,-22.0126,2508.89,393.736,-0.0114868
2530.73,-21.815,2508.92,393.709,-0.011477
2530.3,-21.3601,2508.94,393.641,-0.0114705
2529.8,-20.8543,2508.95,393.564,-0.0114666
2529.38,-20.4249,2508.95,393.498,-0.0114649
2529.08,-20.1293,2508.95,393.452,-0.0114651
2528.91,-19.9617,2508.95,393.425,-0.0114665
2528.86,-19.9211,2508.94,393.418,-0.0114683
2528.89,-19.9503,2508.94,393.422,-0.0114694
2528.9,-19.9651,2508.94,393.424,-0.01147
2528.88,-19.9473,2508.94,393.421,-0.01147
2528.83,-19.8922,2508.94,393.413,-0.0114698
2528.75,-19.8076,2508.94,393.4,-0.0114695
2528.66,-19.715,2508.94,393.386,-0.0114689
2528.58,-19.6393,2508.94,393.374,-0.0114682
2528.55,-19.6063,2508.94,393.369,-0.0114681
2528.57,-19.6291,2508.94,393.372,-0.0114702
2528.57,-19.6469,2508.92,393.372,-0.0114771
2528.33,-19.4462,2508.88,393.335,-0.011491
2527.47,-18.6245,2508.84,393.201,-0.0115065
2525.74,-16.8728,2508.87,392.933,-0.0114959
2523.95,-14.9434,2509.01,392.654,-0.0114422
2523.76,-14.7546,2509.01,392.624,-0.0114433
2525.16,-16.2971,2508.86,392.841,-0.0115009
2526.44,-17.6077,2508.84,393.042,-0.0115099
2526.97,-18.0698,2508.9,393.124,-0.0114848
2527.29,-18.3504,2508.94,393.174,-0.0114685
2539.61,-18.9468,2520.67,395.09,-0.00684912
2540.3,-19.6577,2520.64,395.197,-0.00685846
2540.8,-20.1564,2520.65,395.276,-0.00685586
2541.18,-20.5035,2520.67,395.334,-0.00684663
2541.67,-20.9886,2520.68,395.41,-0.0068433
2542.37,-21.7072,2520.67,395.52,-0.00684876
2543.1,-22.4547,2520.65,395.633,-0.00685576
2543.59,-22.9592,2520.63,395.71,-0.00686174
2543.64,-23.0372,2520.6,395.717,-0.00687473
2542.76,-22.2521,2520.51,395.581,-0.00690965
